inningNumber,balls_id,overNumber,oversUnique,oversActual,ballNumber,totalRuns,batsmanRuns,isFour,isSix,isWicket,outPlayerId,dismissalType,byes,legbyes,wides,wagonX,wagonY,wagonZone,timestamp,batsmanPlayerId,bowlerPlayerId,totalInningRuns,totalInningWickets,batsmanStatText,bowlerStatText
0,43638084,1,0.01,0.1,1,0,0,False,False,False,,,0,0,0,0,0,0,2023-09-12T09:31:33.000Z,48405,64698,0,0,Rohit Sharma 0* (1b),Kasun Rajitha 0.1-0-0-0
0,43638089,1,0.02,0.2,2,0,0,False,False,False,,,0,0,0,0,0,0,2023-09-12T09:31:57.000Z,48405,64698,0,0,Rohit Sharma 0* (2b),Kasun Rajitha 0.2-0-0-0
0,43638094,1,0.03,0.3,3,0,0,False,False,False,,,0,0,0,0,0,0,2023-09-12T09:32:23.000Z,48405,64698,0,0,Rohit Sharma 0* (3b),Kasun Rajitha 0.3-0-0-0
0,43638097,1,0.04,0.4,4,4,4,True,False,False,,,0,0,0,4,183,6,2023-09-12T09:33:05.000Z,48405,64698,4,0,Rohit Sharma 4* (4b 1x4),Kasun Rajitha 0.4-0-4-0
0,43638104,1,0.05,0.5,5,1,1,False,False,False,,,0,0,0,80,77,7,2023-09-12T09:33:41.000Z,48405,64698,5,0,Rohit Sharma 5* (5b 1x4),Kasun Rajitha 0.5-0-5-0
0,43638111,1,0.06,0.6,6,2,2,False,False,False,,,0,0,0,328,181,3,2023-09-12T09:34:29.000Z,95316,64698,7,0,Shubman Gill 2* (1b),Kasun Rajitha 1-0-7-0
0,43638129,2,1.01,1.1,1,0,0,False,False,False,,,0,0,0,141,158,7,2023-09-12T09:36:09.000Z,48405,101991,7,0,Rohit Sharma 5* (6b 1x4),Maheesh Theekshana 0.1-0-0-0
0,43638134,2,1.02,1.2,2,1,1,False,False,False,,,0,0,0,216,305,4,2023-09-12T09:36:32.000Z,48405,101991,8,0,Rohit Sharma 6* (7b 1x4),Maheesh Theekshana 0.2-0-1-0
0,43638139,2,1.03,1.3,3,0,0,False,False,False,,,0,0,0,150,185,6,2023-09-12T09:37:03.000Z,95316,101991,8,0,Shubman Gill 2* (2b),Maheesh Theekshana 0.3-0-1-0
0,43638142,2,1.04,1.4,4,1,1,False,False,False,,,0,0,0,286,181,3,2023-09-12T09:37:26.000Z,95316,101991,9,0,Shubman Gill 3* (3b),Maheesh Theekshana 0.4-0-2-0
0,43638145,2,1.05,1.5,5,1,1,False,False,False,,,0,0,0,299,109,2,2023-09-12T09:37:55.000Z,48405,101991,10,0,Rohit Sharma 7* (8b 1x4),Maheesh Theekshana 0.5-0-3-0
0,43638151,2,1.06,1.6,6,0,0,False,False,False,,,0,0,0,172,190,5,2023-09-12T09:38:22.000Z,95316,101991,10,0,Shubman Gill 3* (4b),Maheesh Theekshana 1-0-3-0
0,43638164,3,2.01,2.1,1,0,0,False,False,False,,,0,0,0,0,0,0,2023-09-12T09:39:18.000Z,48405,64698,10,0,Rohit Sharma 7* (9b 1x4),Kasun Rajitha 1.1-0-7-0
0,43638169,3,2.02,2.2,2,0,0,False,False,False,,,0,0,0,124,170,6,2023-09-12T09:39:58.000Z,48405,64698,10,0,Rohit Sharma 7* (10b 1x4),Kasun Rajitha 1.2-0-7-0
0,43638171,3,2.03,2.3,3,1,1,False,False,False,,,0,0,0,143,149,7,2023-09-12T09:40:43.000Z,48405,64698,11,0,Rohit Sharma 8* (11b 1x4),Kasun Rajitha 1.3-0-8-0
0,43638178,3,2.04,2.4,4,1,1,False,False,False,,,0,0,0,87,110,7,2023-09-12T09:41:01.000Z,95316,64698,12,0,Shubman Gill 4* (5b),Kasun Rajitha 1.4-0-9-0
0,43638187,3,2.05,2.5,5,0,0,False,False,False,,,0,0,0,0,0,0,2023-09-12T09:41:34.000Z,48405,64698,12,0,Rohit Sharma 8* (12b 1x4),Kasun Rajitha 1.5-0-9-0
0,43638192,3,2.06,2.6,6,1,1,False,False,False,,,0,0,0,129,150,7,2023-09-12T09:42:24.000Z,48405,64698,13,0,Rohit Sharma 9* (13b 1x4),Kasun Rajitha 2-0-10-0
0,43638202,4,3.01,3.1,1,2,2,False,False,False,,,0,0,0,277,80,2,2023-09-12T09:43:32.000Z,48405,101991,15,0,Rohit Sharma 11* (14b 1x4),Maheesh Theekshana 1.1-0-5-0
0,43638208,4,3.02,3.2,2,0,0,False,False,False,,,0,0,0,224,177,3,2023-09-12T09:43:55.000Z,48405,101991,15,0,Rohit Sharma 11* (15b 1x4),Maheesh Theekshana 1.2-0-5-0
0,43638212,4,3.03,3.3,3,1,1,False,False,False,,,0,0,0,327,190,3,2023-09-12T09:44:22.000Z,48405,101991,16,0,Rohit Sharma 12* (16b 1x4),Maheesh Theekshana 1.3-0-6-0
0,43638217,4,3.04,3.4,4,1,1,False,False,False,,,0,0,0,200,319,4,2023-09-12T09:44:51.000Z,95316,101991,17,0,Shubman Gill 5* (6b),Maheesh Theekshana 1.4-0-7-0
0,43638220,4,3.05,3.5,5,0,0,False,False,False,,,0,0,0,209,202,4,2023-09-12T09:45:22.000Z,48405,101991,17,0,Rohit Sharma 12* (17b 1x4),Maheesh Theekshana 1.5-0-7-0
0,43638230,4,3.06,3.6,6,0,0,False,False,False,,,0,0,0,230,199,3,2023-09-12T09:46:20.000Z,48405,101991,17,0,Rohit Sharma 12* (18b 1x4),Maheesh Theekshana 2-0-7-0
0,43638240,5,4.01,4.1,1,0,0,False,False,False,,,0,0,0,149,179,6,2023-09-12T09:47:41.000Z,95316,64698,17,0,Shubman Gill 5* (7b),Kasun Rajitha 2.1-0-10-0
0,43638243,5,4.02,4.2,2,4,4,True,False,False,,,0,0,0,161,362,5,2023-09-12T09:48:15.000Z,95316,64698,21,0,Shubman Gill 9* (8b 1x4),Kasun Rajitha 2.2-0-14-0
0,43638254,5,4.03,4.3,3,2,2,False,False,False,,,0,0,0,344,187,3,2023-09-12T09:49:14.000Z,95316,64698,23,0,Shubman Gill 11* (9b 1x4),Kasun Rajitha 2.3-0-16-0
0,43638261,5,4.04,4.4,4,1,0,False,False,False,,,0,0,1,0,0,0,2023-09-12T09:49:46.000Z,95316,64698,24,0,Shubman Gill 11* (9b 1x4),Kasun Rajitha 2.3-0-17-0
0,43638268,5,4.05,4.4,5,1,1,False,False,False,,,0,0,0,82,83,7,2023-09-12T09:50:07.000Z,95316,64698,25,0,Shubman Gill 12* (10b 1x4),Kasun Rajitha 2.4-0-18-0
0,43638274,5,4.06,4.5,6,0,0,False,False,False,,,0,0,0,148,182,6,2023-09-12T09:50:42.000Z,48405,64698,25,0,Rohit Sharma 12* (19b 1x4),Kasun Rajitha 2.5-0-18-0
0,43638278,5,4.07,4.6,7,0,0,False,False,False,,,0,0,0,175,190,5,2023-09-12T09:51:19.000Z,48405,64698,25,0,Rohit Sharma 12* (20b 1x4),Kasun Rajitha 3-0-18-0
0,43638293,6,5.01,5.1,1,0,0,False,False,False,,,0,0,0,178,189,5,2023-09-12T09:52:42.000Z,95316,61690,25,0,Shubman Gill 12* (11b 1x4),Dasun Shanaka 0.1-0-0-0
0,43638298,6,5.02,5.2,2,0,0,False,False,False,,,0,0,0,195,249,4,2023-09-12T09:53:14.000Z,95316,61690,25,0,Shubman Gill 12* (12b 1x4),Dasun Shanaka 0.2-0-0-0
0,43638303,6,5.03,5.3,3,0,0,False,False,False,,,0,0,0,0,0,0,2023-09-12T09:53:51.000Z,95316,61690,25,0,Shubman Gill 12* (13b 1x4),Dasun Shanaka 0.3-0-0-0
0,43638306,6,5.04,5.4,4,1,1,False,False,False,,,0,0,0,55,108,7,2023-09-12T09:54:32.000Z,95316,61690,26,0,Shubman Gill 13* (14b 1x4),Dasun Shanaka 0.4-0-1-0
0,43638312,6,5.05,5.5,5,4,4,True,False,False,,,0,0,0,326,54,2,2023-09-12T09:55:37.000Z,48405,61690,30,0,Rohit Sharma 16* (21b 2x4),Dasun Shanaka 0.5-0-5-0
0,43638318,6,5.06,5.6,6,1,1,False,False,False,,,0,0,0,156,145,7,2023-09-12T09:55:48.000Z,48405,61690,31,0,Rohit Sharma 17* (22b 2x4),Dasun Shanaka 1-0-6-0
0,43638326,7,6.01,6.1,1,0,0,False,False,False,,,0,0,0,0,0,0,2023-09-12T09:56:47.000Z,48405,64698,31,0,Rohit Sharma 17* (23b 2x4),Kasun Rajitha 3.1-0-18-0
0,43638329,7,6.02,6.2,2,0,0,False,False,False,,,0,0,0,179,188,5,2023-09-12T09:57:29.000Z,48405,64698,31,0,Rohit Sharma 17* (24b 2x4),Kasun Rajitha 3.2-0-18-0
0,43638334,7,6.03,6.3,3,5,0,False,False,False,,,0,0,5,0,0,0,2023-09-12T09:58:22.000Z,48405,64698,36,0,Rohit Sharma 17* (24b 2x4),Kasun Rajitha 3.2-0-23-0
0,43638343,7,6.04,6.3,4,1,0,False,False,False,,,0,0,1,0,0,0,2023-09-12T09:59:00.000Z,48405,64698,37,0,Rohit Sharma 17* (24b 2x4),Kasun Rajitha 3.2-0-24-0
0,43638348,7,6.05,6.3,5,0,0,False,False,False,,,0,0,0,164,254,5,2023-09-12T09:59:21.000Z,48405,64698,37,0,Rohit Sharma 17* (25b 2x4),Kasun Rajitha 3.3-0-24-0
0,43638352,7,6.06,6.4,6,0,0,False,False,False,,,0,0,0,174,146,8,2023-09-12T09:59:58.000Z,48405,64698,37,0,Rohit Sharma 17* (26b 2x4),Kasun Rajitha 3.4-0-24-0
0,43638357,7,6.07,6.5,7,6,6,False,True,False,,,0,0,0,192,357,4,2023-09-12T10:01:07.000Z,48405,64698,43,0,Rohit Sharma 23* (27b 2x4 1x6),Kasun Rajitha 3.5-0-30-0
0,43638368,7,6.08,6.6,8,0,0,False,False,False,,,0,0,0,136,172,6,2023-09-12T10:01:40.000Z,48405,64698,43,0,Rohit Sharma 23* (28b 2x4 1x6),Kasun Rajitha 4-0-30-0
0,43638379,8,7.01,7.1,1,0,0,False,False,False,,,0,0,0,179,186,5,2023-09-12T10:02:43.000Z,95316,61690,43,0,Shubman Gill 13* (15b 1x4),Dasun Shanaka 1.1-0-6-0
0,43638384,8,7.02,7.2,2,0,0,False,False,False,,,0,0,0,177,189,5,2023-09-12T10:03:14.000Z,95316,61690,43,0,Shubman Gill 13* (16b 1x4),Dasun Shanaka 1.2-0-6-0
0,43638393,8,7.03,7.3,3,1,1,False,False,False,,,0,0,0,165,36,8,2023-09-12T10:04:13.000Z,95316,61690,44,0,Shubman Gill 14* (17b 1x4),Dasun Shanaka 1.3-0-7-0
0,43638398,8,7.04,7.4,4,0,0,False,False,False,,,0,0,0,0,0,0,2023-09-12T10:04:50.000Z,48405,61690,44,0,Rohit Sharma 23* (29b 2x4 1x6),Dasun Shanaka 1.4-0-7-0
0,43638405,8,7.05,7.5,5,0,0,False,False,False,,,0,0,0,146,172,6,2023-09-12T10:05:24.000Z,48405,61690,44,0,Rohit Sharma 23* (30b 2x4 1x6),Dasun Shanaka 1.5-0-7-0
0,43638410,8,7.06,7.6,6,0,0,False,False,False,,,0,0,0,0,0,0,2023-09-12T10:06:00.000Z,48405,61690,44,0,Rohit Sharma 23* (31b 2x4 1x6),Dasun Shanaka 2-0-7-0
0,43638420,9,8.01,8.1,1,0,0,False,False,False,,,0,0,0,223,191,3,2023-09-12T10:07:32.000Z,95316,105938,44,0,Shubman Gill 14* (18b 1x4),Matheesha Pathirana 0.1-0-0-0
0,43638425,9,8.02,8.2,2,0,0,False,False,False,,,0,0,0,228,173,3,2023-09-12T10:08:00.000Z,95316,105938,44,0,Shubman Gill 14* (19b 1x4),Matheesha Pathirana 0.2-0-0-0
0,43638433,9,8.03,8.3,3,0,0,False,False,False,,,0,0,0,130,152,7,2023-09-12T10:08:45.000Z,95316,105938,44,0,Shubman Gill 14* (20b 1x4),Matheesha Pathirana 0.3-0-0-0
0,43638441,9,8.04,8.4,4,0,0,False,False,False,,,0,0,0,236,177,3,2023-09-12T10:09:08.000Z,95316,105938,44,0,Shubman Gill 14* (21b 1x4),Matheesha Pathirana 0.4-0-0-0
0,43638446,9,8.05,8.5,5,0,0,False,False,False,,,0,0,0,128,179,6,2023-09-12T10:09:44.000Z,95316,105938,44,0,Shubman Gill 14* (22b 1x4),Matheesha Pathirana 0.5-0-0-0
0,43638448,9,8.06,8.6,6,4,4,True,False,False,,,0,0,0,356,175,3,2023-09-12T10:10:15.000Z,95316,105938,48,0,Shubman Gill 18* (23b 2x4),Matheesha Pathirana 1-0-4-0
0,43638460,10,9.01,9.1,1,1,0,False,False,False,,,0,0,1,0,0,0,2023-09-12T10:11:44.000Z,48405,61690,49,0,Rohit Sharma 23* (31b 2x4 1x6),Dasun Shanaka 2-0-8-0
0,43638464,10,9.02,9.1,2,4,4,True,False,False,,,0,0,0,4,230,6,2023-09-12T10:12:18.000Z,48405,61690,53,0,Rohit Sharma 27* (32b 3x4 1x6),Dasun Shanaka 2.1-0-12-0
0,43638470,10,9.03,9.2,3,4,4,True,False,False,,,0,0,0,318,324,4,2023-09-12T10:13:04.000Z,48405,61690,57,0,Rohit Sharma 31* (33b 4x4 1x6),Dasun Shanaka 2.2-0-16-0
0,43638475,10,9.04,9.3,4,0,0,False,False,False,,,0,0,0,163,255,5,2023-09-12T10:13:46.000Z,48405,61690,57,0,Rohit Sharma 31* (34b 4x4 1x6),Dasun Shanaka 2.3-0-16-0
0,43638480,10,9.05,9.4,5,4,4,True,False,False,,,0,0,0,212,361,4,2023-09-12T10:14:44.000Z,48405,61690,61,0,Rohit Sharma 35* (35b 5x4 1x6),Dasun Shanaka 2.4-0-20-0
0,43638489,10,9.06,9.5,6,4,4,True,False,False,,,0,0,0,5,191,6,2023-09-12T10:15:59.000Z,48405,61690,65,0,Rohit Sharma 39* (36b 6x4 1x6),Dasun Shanaka 2.5-0-24-0
0,43638493,10,9.07,9.6,7,0,0,False,False,False,,,0,0,0,137,177,6,2023-09-12T10:16:16.000Z,48405,61690,65,0,Rohit Sharma 39* (37b 6x4 1x6),Dasun Shanaka 3-0-24-0
0,43638502,11,10.01,10.1,1,1,1,False,False,False,,,0,0,0,257,258,4,2023-09-12T10:17:43.000Z,95316,105938,66,0,Shubman Gill 19* (24b 2x4),Matheesha Pathirana 1.1-0-5-0
0,43638505,11,10.02,10.2,2,6,6,False,True,False,,,0,0,0,360,184,3,2023-09-12T10:18:42.000Z,48405,105938,72,0,Rohit Sharma 45* (38b 6x4 2x6),Matheesha Pathirana 1.2-0-11-0
0,43638511,11,10.03,10.3,3,2,2,False,False,False,,,0,0,0,329,181,3,2023-09-12T10:19:17.000Z,48405,105938,74,0,Rohit Sharma 47* (39b 6x4 2x6),Matheesha Pathirana 1.3-0-13-0
0,43638521,11,10.04,10.4,4,1,0,False,False,False,,,0,0,1,0,0,0,2023-09-12T10:21:21.000Z,48405,105938,75,0,Rohit Sharma 47* (39b 6x4 2x6),Matheesha Pathirana 1.3-0-14-0
0,43638525,11,10.05,10.4,5,0,0,False,False,False,,,0,0,0,0,0,0,2023-09-12T10:20:24.000Z,48405,105938,75,0,Rohit Sharma 47* (40b 6x4 2x6),Matheesha Pathirana 1.4-0-14-0
0,43638529,11,10.06,10.5,6,5,0,False,False,False,,,0,0,5,0,0,0,2023-09-12T10:21:06.000Z,48405,105938,80,0,Rohit Sharma 47* (40b 6x4 2x6),Matheesha Pathirana 1.4-0-19-0
0,43638537,11,10.07,10.5,7,0,0,False,False,False,,,0,0,0,149,180,6,2023-09-12T10:21:54.000Z,48405,105938,80,0,Rohit Sharma 47* (41b 6x4 2x6),Matheesha Pathirana 1.5-0-19-0
0,43638543,11,10.08,10.6,8,0,0,False,False,False,,,0,0,0,231,198,3,2023-09-12T10:22:40.000Z,48405,105938,80,0,Rohit Sharma 47* (42b 6x4 2x6),Matheesha Pathirana 2-0-19-0
0,43638553,12,11.01,11.1,1,0,0,False,False,True,95316,2,0,0,0,0,0,0,2023-09-12T10:24:24.000Z,95316,102835,80,1,Shubman Gill 19 (25b 2x4),Dunith Wellalage 0.1-0-0-1
0,43638562,12,11.02,11.2,2,0,0,False,False,False,,,0,0,0,138,185,6,2023-09-12T10:26:11.000Z,49752,102835,80,1,Virat Kohli 0* (1b),Dunith Wellalage 0.2-0-0-1
0,43638564,12,11.03,11.3,3,2,2,False,False,False,,,0,0,0,303,235,3,2023-09-12T10:26:48.000Z,49752,102835,82,1,Virat Kohli 2* (2b),Dunith Wellalage 0.3-0-2-1
0,43638568,12,11.04,11.4,4,0,0,False,False,False,,,0,0,0,229,186,3,2023-09-12T10:27:04.000Z,49752,102835,82,1,Virat Kohli 2* (3b),Dunith Wellalage 0.4-0-2-1
0,43638570,12,11.05,11.5,5,0,0,False,False,False,,,0,0,0,142,159,7,2023-09-12T10:27:24.000Z,49752,102835,82,1,Virat Kohli 2* (4b),Dunith Wellalage 0.5-0-2-1
0,43638574,12,11.06,11.6,6,0,0,False,False,False,,,0,0,0,144,155,7,2023-09-12T10:27:43.000Z,49752,102835,82,1,Virat Kohli 2* (5b),Dunith Wellalage 1-0-2-1
0,43638582,13,12.01,12.1,1,0,0,False,False,False,,,0,0,0,180,195,4,2023-09-12T10:28:46.000Z,48405,105938,82,1,Rohit Sharma 47* (43b 6x4 2x6),Matheesha Pathirana 2.1-0-19-0
0,43638584,13,12.02,12.2,2,1,0,False,False,False,,,0,0,1,0,0,0,2023-09-12T10:29:28.000Z,48405,105938,83,1,Rohit Sharma 47* (43b 6x4 2x6),Matheesha Pathirana 2.1-0-20-0
0,43638588,13,12.03,12.2,3,4,4,True,False,False,,,0,0,0,354,273,3,2023-09-12T10:30:11.000Z,48405,105938,87,1,Rohit Sharma 51* (44b 7x4 2x6),Matheesha Pathirana 2.2-0-24-0
0,43638598,13,12.04,12.3,4,1,1,False,False,False,,,0,0,0,148,49,8,2023-09-12T10:30:46.000Z,48405,105938,88,1,Rohit Sharma 52* (45b 7x4 2x6),Matheesha Pathirana 2.3-0-25-0
0,43638605,13,12.05,12.4,5,0,0,False,False,False,,,0,0,0,0,0,0,2023-09-12T10:31:26.000Z,49752,105938,88,1,Virat Kohli 2* (6b),Matheesha Pathirana 2.4-0-25-0
0,43638614,13,12.06,12.5,6,1,1,False,False,False,,,0,0,0,42,146,7,2023-09-12T10:32:07.000Z,49752,105938,89,1,Virat Kohli 3* (7b),Matheesha Pathirana 2.5-0-26-0
0,43638621,13,12.07,12.6,7,1,0,False,False,False,,,0,0,1,0,0,0,2023-09-12T10:33:07.000Z,48405,105938,90,1,Rohit Sharma 52* (45b 7x4 2x6),Matheesha Pathirana 2.5-0-27-0
0,43638626,13,12.08,12.6,8,0,0,False,False,False,,,0,0,0,143,183,6,2023-09-12T10:33:23.000Z,48405,105938,90,1,Rohit Sharma 52* (46b 7x4 2x6),Matheesha Pathirana 3-0-27-0
0,43638635,14,13.01,13.1,1,0,0,False,False,False,,,0,0,0,135,152,7,2023-09-12T10:34:33.000Z,49752,102835,90,1,Virat Kohli 3* (8b),Dunith Wellalage 1.1-0-2-1
0,43638640,14,13.02,13.2,2,0,0,False,False,False,,,0,0,0,133,186,6,2023-09-12T10:34:46.000Z,49752,102835,90,1,Virat Kohli 3* (9b),Dunith Wellalage 1.2-0-2-1
0,43638644,14,13.03,13.3,3,0,0,False,False,False,,,0,0,0,128,186,6,2023-09-12T10:35:06.000Z,49752,102835,90,1,Virat Kohli 3* (10b),Dunith Wellalage 1.3-0-2-1
0,43638645,14,13.04,13.4,4,0,0,False,False,False,,,0,0,0,201,248,4,2023-09-12T10:35:23.000Z,49752,102835,90,1,Virat Kohli 3* (11b),Dunith Wellalage 1.4-0-2-1
0,43638649,14,13.05,13.5,5,0,0,False,False,True,49752,1,0,0,0,230,194,3,2023-09-12T10:35:53.000Z,49752,102835,90,2,Virat Kohli 3 (12b),Dunith Wellalage 1.5-0-2-2
0,43638661,14,13.06,13.6,6,0,0,False,False,False,,,0,0,0,160,177,6,,75325,102835,90,2,Ishan Kishan 0* (1b),Dunith Wellalage 2-1-2-2
0,43638688,15,14.01,14.1,1,1,1,False,False,False,,,0,0,0,140,128,7,2023-09-12T10:41:16.000Z,48405,62760,91,2,Rohit Sharma 53* (47b 7x4 2x6),Dhananjaya de Silva 0.1-0-1-0
0,43638699,15,14.02,14.2,2,0,0,False,False,False,,,0,0,0,174,194,5,2023-09-12T10:41:52.000Z,75325,62760,91,2,Ishan Kishan 0* (2b),Dhananjaya de Silva 0.2-0-1-0
0,43638703,15,14.03,14.3,3,0,0,False,False,False,,,0,0,0,155,172,6,2023-09-12T10:42:06.000Z,75325,62760,91,2,Ishan Kishan 0* (3b),Dhananjaya de Silva 0.3-0-1-0
0,43638705,15,14.04,14.4,4,0,0,False,False,False,,,0,0,0,186,192,4,2023-09-12T10:42:19.000Z,75325,62760,91,2,Ishan Kishan 0* (4b),Dhananjaya de Silva 0.4-0-1-0
0,43638709,15,14.05,14.5,5,0,0,False,False,False,,,0,0,0,227,203,3,2023-09-12T10:42:32.000Z,75325,62760,91,2,Ishan Kishan 0* (5b),Dhananjaya de Silva 0.5-0-1-0
0,43638711,15,14.06,14.6,6,0,0,False,False,False,,,0,0,0,144,152,7,2023-09-12T10:42:51.000Z,75325,62760,91,2,Ishan Kishan 0* (6b),Dhananjaya de Silva 1-0-1-0
0,43638716,16,15.01,15.1,1,0,0,False,False,True,48405,2,0,0,0,0,0,0,2023-09-12T10:44:27.000Z,48405,102835,91,3,Rohit Sharma 53 (48b 7x4 2x6),Dunith Wellalage 2.1-1-2-3
0,43638734,16,15.02,15.2,2,1,1,False,False,False,,,0,0,0,112,203,6,2023-09-12T10:46:16.000Z,60530,102835,92,3,KL Rahul 1* (1b),Dunith Wellalage 2.2-1-3-3
0,43638738,16,15.03,15.3,3,0,0,False,False,False,,,0,0,0,164,193,5,2023-09-12T10:46:57.000Z,75325,102835,92,3,Ishan Kishan 0* (7b),Dunith Wellalage 2.3-1-3-3
0,43638744,16,15.04,15.4,4,1,1,False,False,False,,,0,0,0,102,304,5,2023-09-12T10:47:17.000Z,75325,102835,93,3,Ishan Kishan 1* (8b),Dunith Wellalage 2.4-1-4-3
0,43638749,16,15.05,15.5,5,0,0,False,False,False,,,0,0,0,138,201,6,2023-09-12T10:47:52.000Z,60530,102835,93,3,KL Rahul 1* (2b),Dunith Wellalage 2.5-1-4-3
0,43638752,16,15.06,15.6,6,0,0,False,False,False,,,0,0,0,0,0,0,2023-09-12T10:48:12.000Z,60530,102835,93,3,KL Rahul 1* (3b),Dunith Wellalage 3-1-4-3
0,43638757,17,16.01,16.1,1,0,0,False,False,False,,,0,0,0,219,191,3,2023-09-12T10:49:01.000Z,75325,62760,93,3,Ishan Kishan 1* (9b),Dhananjaya de Silva 1.1-0-1-0
0,43638758,17,16.02,16.2,2,1,1,False,False,False,,,0,0,0,274,291,4,2023-09-12T10:49:17.000Z,75325,62760,94,3,Ishan Kishan 2* (10b),Dhananjaya de Silva 1.2-0-2-0
0,43638762,17,16.03,16.3,3,1,1,False,False,False,,,0,0,0,265,308,4,2023-09-12T10:50:05.000Z,60530,62760,95,3,KL Rahul 2* (4b),Dhananjaya de Silva 1.3-0-3-0
0,43638763,17,16.04,16.4,4,1,1,False,False,False,,,0,0,0,114,310,5,2023-09-12T10:50:22.000Z,75325,62760,96,3,Ishan Kishan 3* (11b),Dhananjaya de Silva 1.4-0-4-0
0,43638767,17,16.05,16.5,5,1,1,False,False,False,,,0,0,0,91,149,7,2023-09-12T10:50:54.000Z,60530,62760,97,3,KL Rahul 3* (5b),Dhananjaya de Silva 1.5-0-5-0
0,43638768,17,16.06,16.6,6,0,0,False,False,False,,,0,0,0,196,195,4,2023-09-12T10:51:17.000Z,75325,62760,97,3,Ishan Kishan 3* (12b),Dhananjaya de Silva 2-0-5-0
0,43638772,18,17.01,17.1,1,0,0,False,False,False,,,0,0,0,140,172,6,2023-09-12T10:52:12.000Z,60530,102835,97,3,KL Rahul 3* (6b),Dunith Wellalage 3.1-1-4-3
0,43638777,18,17.02,17.2,2,1,1,False,False,False,,,0,0,0,61,133,7,2023-09-12T10:52:35.000Z,60530,102835,98,3,KL Rahul 4* (7b),Dunith Wellalage 3.2-1-5-3
0,43638784,18,17.03,17.3,3,0,0,False,False,False,,,0,0,0,136,215,5,2023-09-12T10:53:06.000Z,75325,102835,98,3,Ishan Kishan 3* (13b),Dunith Wellalage 3.3-1-5-3
0,43638787,18,17.04,17.4,4,4,4,True,False,False,,,0,0,0,119,354,5,2023-09-12T10:53:28.000Z,75325,102835,102,3,Ishan Kishan 7* (14b 1x4),Dunith Wellalage 3.4-1-9-3
0,43638793,18,17.05,17.5,5,0,0,False,False,False,,,0,0,0,222,189,3,2023-09-12T10:54:09.000Z,75325,102835,102,3,Ishan Kishan 7* (15b 1x4),Dunith Wellalage 3.5-1-9-3
0,43638795,18,17.06,17.6,6,1,1,False,False,False,,,0,0,0,91,110,7,2023-09-12T10:54:26.000Z,75325,102835,103,3,Ishan Kishan 8* (16b 1x4),Dunith Wellalage 4-1-10-3
0,43638804,19,18.01,18.1,1,1,1,False,False,False,,,0,0,0,271,177,3,2023-09-12T10:55:37.000Z,75325,62760,104,3,Ishan Kishan 9* (17b 1x4),Dhananjaya de Silva 2.1-0-6-0
0,43638806,19,18.02,18.2,2,1,1,False,False,False,,,0,0,0,310,237,3,2023-09-12T10:56:09.000Z,60530,62760,105,3,KL Rahul 5* (8b),Dhananjaya de Silva 2.2-0-7-0
0,43638809,19,18.03,18.3,3,0,0,False,False,False,,,0,0,0,233,196,3,2023-09-12T10:56:33.000Z,75325,62760,105,3,Ishan Kishan 9* (18b 1x4),Dhananjaya de Silva 2.3-0-7-0
0,43638812,19,18.04,18.4,4,1,1,False,False,False,,,0,0,0,300,125,2,2023-09-12T10:56:51.000Z,75325,62760,106,3,Ishan Kishan 10* (19b 1x4),Dhananjaya de Silva 2.4-0-8-0
0,43638817,19,18.05,18.5,5,1,1,False,False,False,,,0,0,0,253,303,4,2023-09-12T10:57:23.000Z,60530,62760,107,3,KL Rahul 6* (9b),Dhananjaya de Silva 2.5-0-9-0
0,43638820,19,18.06,18.6,6,0,0,False,False,False,,,0,0,0,214,185,3,2023-09-12T10:57:57.000Z,75325,62760,107,3,Ishan Kishan 10* (20b 1x4),Dhananjaya de Silva 3-0-9-0
0,43638833,20,19.01,19.1,1,1,1,False,False,False,,,0,0,0,127,194,6,2023-09-12T10:59:02.000Z,60530,102835,108,3,KL Rahul 7* (10b),Dunith Wellalage 4.1-1-11-3
0,43638839,20,19.02,19.2,2,0,0,False,False,False,,,0,0,0,205,184,3,2023-09-12T10:59:52.000Z,75325,102835,108,3,Ishan Kishan 10* (21b 1x4),Dunith Wellalage 4.2-1-11-3
0,43638844,20,19.03,19.3,3,0,0,False,False,False,,,0,0,0,150,187,6,2023-09-12T11:00:11.000Z,75325,102835,108,3,Ishan Kishan 10* (22b 1x4),Dunith Wellalage 4.3-1-11-3
0,43638848,20,19.04,19.4,4,0,0,False,False,False,,,0,0,0,220,248,4,2023-09-12T11:00:38.000Z,75325,102835,108,3,Ishan Kishan 10* (23b 1x4),Dunith Wellalage 4.4-1-11-3
0,43638850,20,19.05,19.5,5,0,0,False,False,False,,,0,0,0,202,199,4,2023-09-12T11:00:53.000Z,75325,102835,108,3,Ishan Kishan 10* (24b 1x4),Dunith Wellalage 4.5-1-11-3
0,43638856,20,19.06,19.6,6,1,1,False,False,False,,,0,0,0,229,242,4,2023-09-12T11:01:45.000Z,75325,102835,109,3,Ishan Kishan 11* (25b 1x4),Dunith Wellalage 5-1-12-3
0,43638860,21,20.01,20.1,1,0,0,False,False,False,,,0,0,0,209,187,3,2023-09-12T11:02:31.000Z,75325,62760,109,3,Ishan Kishan 11* (26b 1x4),Dhananjaya de Silva 3.1-0-9-0
0,43638863,21,20.02,20.2,2,0,0,False,False,False,,,0,0,0,166,193,5,2023-09-12T11:03:05.000Z,75325,62760,109,3,Ishan Kishan 11* (27b 1x4),Dhananjaya de Silva 3.2-0-9-0
0,43638870,21,20.03,20.3,3,0,0,False,False,False,,,0,0,0,212,197,3,2023-09-12T11:03:01.000Z,75325,62760,109,3,Ishan Kishan 11* (28b 1x4),Dhananjaya de Silva 3.3-0-9-0
0,43638879,21,20.04,20.4,4,0,0,False,False,False,,,0,0,0,174,192,5,2023-09-12T11:03:23.000Z,75325,62760,109,3,Ishan Kishan 11* (29b 1x4),Dhananjaya de Silva 3.4-0-9-0
0,43638883,21,20.05,20.5,5,1,1,False,False,False,,,0,0,0,310,235,3,2023-09-12T11:03:36.000Z,75325,62760,110,3,Ishan Kishan 12* (30b 1x4),Dhananjaya de Silva 3.5-0-10-0
0,43638889,21,20.06,20.6,6,1,1,False,False,False,,,0,0,0,278,281,4,2023-09-12T11:04:22.000Z,60530,62760,111,3,KL Rahul 8* (11b),Dhananjaya de Silva 4-0-11-0
0,43638907,22,21.01,21.1,1,0,0,False,False,False,,,0,0,0,153,190,6,2023-09-12T11:06:16.000Z,60530,101991,111,3,KL Rahul 8* (12b),Maheesh Theekshana 2.1-0-7-0
0,43638914,22,21.02,21.2,2,1,1,False,False,False,,,0,0,0,285,84,2,2023-09-12T11:06:43.000Z,60530,101991,112,3,KL Rahul 9* (13b),Maheesh Theekshana 2.2-0-8-0
0,43638923,22,21.03,21.3,3,1,0,False,False,False,,,0,0,1,0,0,0,2023-09-12T11:07:16.000Z,75325,101991,113,3,Ishan Kishan 12* (30b 1x4),Maheesh Theekshana 2.2-0-9-0
0,43638926,22,21.04,21.3,4,0,0,False,False,False,,,0,0,0,184,193,4,2023-09-12T11:07:43.000Z,75325,101991,113,3,Ishan Kishan 12* (31b 1x4),Maheesh Theekshana 2.3-0-9-0
0,43638928,22,21.05,21.4,5,2,2,False,False,False,,,0,0,0,303,106,2,2023-09-12T11:08:03.000Z,75325,101991,115,3,Ishan Kishan 14* (32b 1x4),Maheesh Theekshana 2.4-0-11-0
0,43638937,22,21.06,21.5,6,1,1,False,False,False,,,0,0,0,305,226,3,2023-09-12T11:08:46.000Z,75325,101991,116,3,Ishan Kishan 15* (33b 1x4),Maheesh Theekshana 2.5-0-12-0
0,43638944,22,21.07,21.6,7,0,0,False,False,False,,,0,0,0,181,196,4,2023-09-12T11:09:13.000Z,60530,101991,116,3,KL Rahul 9* (14b),Maheesh Theekshana 3-0-12-0
0,43638955,23,22.01,22.1,1,0,0,False,False,False,,,0,0,0,144,206,5,2023-09-12T11:10:24.000Z,75325,62760,116,3,Ishan Kishan 15* (34b 1x4),Dhananjaya de Silva 4.1-0-11-0
0,43638960,23,22.02,22.2,2,0,0,False,False,False,,,0,0,0,210,192,3,2023-09-12T11:10:35.000Z,75325,62760,116,3,Ishan Kishan 15* (35b 1x4),Dhananjaya de Silva 4.2-0-11-0
0,43638965,23,22.03,22.3,3,1,1,False,False,False,,,0,0,0,204,319,4,2023-09-12T11:10:51.000Z,75325,62760,117,3,Ishan Kishan 16* (36b 1x4),Dhananjaya de Silva 4.3-0-12-0
0,43638972,23,22.04,22.4,4,1,1,False,False,False,,,0,0,0,295,261,3,2023-09-12T11:11:28.000Z,60530,62760,118,3,KL Rahul 10* (15b),Dhananjaya de Silva 4.4-0-13-0
0,43638976,23,22.05,22.5,5,0,0,False,False,False,,,0,0,0,221,125,2,2023-09-12T11:11:56.000Z,75325,62760,118,3,Ishan Kishan 16* (37b 1x4),Dhananjaya de Silva 4.5-0-13-0
0,43638979,23,22.06,22.6,6,0,0,False,False,False,,,0,0,0,0,0,0,2023-09-12T11:12:15.000Z,75325,62760,118,3,Ishan Kishan 16* (38b 1x4),Dhananjaya de Silva 5-0-13-0
0,43638993,24,23.01,23.1,1,2,2,False,False,False,,,0,0,0,69,99,7,2023-09-12T11:13:39.000Z,60530,101991,120,3,KL Rahul 12* (16b),Maheesh Theekshana 3.1-0-14-0
0,43638998,24,23.02,23.2,2,1,1,False,False,False,,,0,0,0,42,148,7,2023-09-12T11:14:13.000Z,60530,101991,121,3,KL Rahul 13* (17b),Maheesh Theekshana 3.2-0-15-0
0,43639005,24,23.03,23.3,3,1,1,False,False,False,,,0,0,0,114,210,6,2023-09-12T11:14:58.000Z,75325,101991,122,3,Ishan Kishan 17* (39b 1x4),Maheesh Theekshana 3.3-0-16-0
0,43639010,24,23.04,23.4,4,0,0,False,False,False,,,0,0,0,186,191,4,2023-09-12T11:15:30.000Z,60530,101991,122,3,KL Rahul 13* (18b),Maheesh Theekshana 3.4-0-16-0
0,43639015,24,23.05,23.5,5,0,0,False,False,False,,,0,0,0,150,190,6,2023-09-12T11:15:51.000Z,60530,101991,122,3,KL Rahul 13* (19b),Maheesh Theekshana 3.5-0-16-0
0,43639020,24,23.06,23.6,6,1,1,False,False,False,,,0,0,0,138,181,6,2023-09-12T11:16:21.000Z,60530,101991,123,3,KL Rahul 14* (20b),Maheesh Theekshana 4-0-17-0
0,43639032,25,24.01,24.1,1,1,1,False,False,False,,,0,0,0,133,191,6,2023-09-12T11:17:41.000Z,60530,62760,124,3,KL Rahul 15* (21b),Dhananjaya de Silva 5.1-0-14-0
0,43639036,25,24.02,24.2,2,1,1,False,False,False,,,0,0,0,70,258,6,2023-09-12T11:18:14.000Z,75325,62760,125,3,Ishan Kishan 18* (40b 1x4),Dhananjaya de Silva 5.2-0-15-0
0,43639042,25,24.03,24.3,3,2,2,False,False,False,,,0,0,0,232,35,1,2023-09-12T11:18:44.000Z,60530,62760,127,3,KL Rahul 17* (22b),Dhananjaya de Silva 5.3-0-17-0
0,43639047,25,24.04,24.4,4,1,1,False,False,False,,,0,0,0,70,220,6,2023-09-12T11:19:16.000Z,60530,62760,128,3,KL Rahul 18* (23b),Dhananjaya de Silva 5.4-0-18-0
0,43639051,25,24.05,24.5,5,0,0,False,False,False,,,0,0,0,231,195,3,2023-09-12T11:19:39.000Z,75325,62760,128,3,Ishan Kishan 18* (41b 1x4),Dhananjaya de Silva 5.5-0-18-0
0,43639058,25,24.06,24.6,6,0,0,False,False,False,,,0,0,0,133,209,6,2023-09-12T11:20:14.000Z,75325,62760,128,3,Ishan Kishan 18* (42b 1x4),Dhananjaya de Silva 6-0-18-0
0,43639066,26,25.01,25.1,1,1,1,False,False,False,,,0,0,0,285,92,2,2023-09-12T11:21:35.000Z,60530,101991,129,3,KL Rahul 19* (24b),Maheesh Theekshana 4.1-0-18-0
0,43639071,26,25.02,25.2,2,1,1,False,False,False,,,0,0,0,51,219,6,2023-09-12T11:22:09.000Z,75325,101991,130,3,Ishan Kishan 19* (43b 1x4),Maheesh Theekshana 4.2-0-19-0
0,43639073,26,25.03,25.3,3,0,0,False,False,False,,,0,0,0,181,196,4,2023-09-12T11:22:42.000Z,60530,101991,130,3,KL Rahul 19* (25b),Maheesh Theekshana 4.3-0-19-0
0,43639076,26,25.04,25.4,4,0,0,False,False,False,,,0,0,0,230,194,3,2023-09-12T11:23:01.000Z,60530,101991,130,3,KL Rahul 19* (26b),Maheesh Theekshana 4.4-0-19-0
0,43639079,26,25.05,25.5,5,0,0,False,False,False,,,0,0,0,211,192,3,2023-09-12T11:23:30.000Z,60530,101991,130,3,KL Rahul 19* (27b),Maheesh Theekshana 4.5-0-19-0
0,43639082,26,25.06,25.6,6,1,1,False,False,False,,,0,0,0,142,145,7,2023-09-12T11:23:59.000Z,60530,101991,131,3,KL Rahul 20* (28b),Maheesh Theekshana 5-0-20-0
0,43639100,27,26.01,26.1,1,0,0,False,False,False,,,0,0,0,166,193,5,2023-09-12T11:25:16.000Z,60530,62760,131,3,KL Rahul 20* (29b),Dhananjaya de Silva 6.1-0-18-0
0,43639104,27,26.02,26.2,2,2,2,False,False,False,,,0,0,0,94,63,8,2023-09-12T11:25:34.000Z,60530,62760,133,3,KL Rahul 22* (30b),Dhananjaya de Silva 6.2-0-20-0
0,43639108,27,26.03,26.3,3,0,0,False,False,False,,,0,0,0,223,194,3,2023-09-12T11:26:17.000Z,60530,62760,133,3,KL Rahul 22* (31b),Dhananjaya de Silva 6.3-0-20-0
0,43639110,27,26.04,26.4,4,0,0,False,False,False,,,0,0,0,238,197,3,2023-09-12T11:26:34.000Z,60530,62760,133,3,KL Rahul 22* (32b),Dhananjaya de Silva 6.4-0-20-0
0,43639113,27,26.05,26.5,5,1,1,False,False,False,,,0,0,0,285,282,4,2023-09-12T11:27:04.000Z,60530,62760,134,3,KL Rahul 23* (33b),Dhananjaya de Silva 6.5-0-21-0
0,43639118,27,26.06,26.6,6,0,0,False,False,False,,,0,0,0,0,0,0,2023-09-12T11:27:31.000Z,75325,62760,134,3,Ishan Kishan 19* (44b 1x4),Dhananjaya de Silva 7-0-21-0
0,43639137,28,27.01,27.1,1,4,4,True,False,False,,,0,0,0,100,9,8,2023-09-12T11:29:09.000Z,60530,102835,138,3,KL Rahul 27* (34b 1x4),Dunith Wellalage 5.1-1-16-3
0,43639146,28,27.02,27.2,2,4,4,True,False,False,,,0,0,0,115,10,8,2023-09-12T11:30:06.000Z,60530,102835,142,3,KL Rahul 31* (35b 2x4),Dunith Wellalage 5.2-1-20-3
0,43639157,28,27.03,27.3,3,0,0,False,False,False,,,0,0,0,186,186,4,2023-09-12T11:30:51.000Z,60530,102835,142,3,KL Rahul 31* (36b 2x4),Dunith Wellalage 5.3-1-20-3
0,43639162,28,27.04,27.4,4,2,2,False,False,False,,,0,0,0,62,89,7,2023-09-12T11:31:13.000Z,60530,102835,144,3,KL Rahul 33* (37b 2x4),Dunith Wellalage 5.4-1-22-3
0,43639171,28,27.05,27.5,5,1,1,False,False,False,,,0,0,0,50,197,6,2023-09-12T11:31:53.000Z,60530,102835,145,3,KL Rahul 34* (38b 2x4),Dunith Wellalage 5.5-1-23-3
0,43639175,28,27.06,27.6,6,0,0,False,False,False,,,0,0,0,144,118,8,2023-09-12T11:32:30.000Z,75325,102835,145,3,Ishan Kishan 19* (45b 1x4),Dunith Wellalage 6-1-23-3
0,43639186,29,28.01,28.1,1,1,1,False,False,False,,,0,0,0,49,222,6,2023-09-12T11:34:24.000Z,60530,62760,146,3,KL Rahul 35* (39b 2x4),Dhananjaya de Silva 7.1-0-22-0
0,43639188,29,28.02,28.2,2,0,0,False,False,False,,,0,0,0,195,124,1,2023-09-12T11:34:57.000Z,75325,62760,146,3,Ishan Kishan 19* (46b 1x4),Dhananjaya de Silva 7.2-0-22-0
0,43639192,29,28.03,28.3,3,1,1,False,False,False,,,0,0,0,133,319,5,2023-09-12T11:35:21.000Z,75325,62760,147,3,Ishan Kishan 20* (47b 1x4),Dhananjaya de Silva 7.3-0-23-0
0,43639195,29,28.04,28.4,4,0,0,False,False,False,,,0,0,0,0,0,0,2023-09-12T11:35:52.000Z,60530,62760,147,3,KL Rahul 35* (40b 2x4),Dhananjaya de Silva 7.4-0-23-0
0,43639198,29,28.05,28.5,5,1,1,False,False,False,,,0,0,0,312,238,3,2023-09-12T11:36:26.000Z,60530,62760,148,3,KL Rahul 36* (41b 2x4),Dhananjaya de Silva 7.5-0-24-0
0,43639201,29,28.06,28.6,6,1,1,False,False,False,,,0,0,0,57,259,6,2023-09-12T11:36:53.000Z,75325,62760,149,3,Ishan Kishan 21* (48b 1x4),Dhananjaya de Silva 8-0-25-0
0,43639212,30,29.01,29.1,1,0,0,False,False,False,,,0,0,0,0,0,0,2023-09-12T11:38:01.000Z,75325,102835,149,3,Ishan Kishan 21* (49b 1x4),Dunith Wellalage 6.1-1-23-3
0,43639215,30,29.02,29.2,2,1,1,False,False,False,,,0,0,0,105,303,5,2023-09-12T11:38:26.000Z,75325,102835,150,3,Ishan Kishan 22* (50b 1x4),Dunith Wellalage 6.2-1-24-3
0,43639218,30,29.03,29.3,3,2,2,False,False,False,,,0,0,0,299,257,3,2023-09-12T11:39:10.000Z,60530,102835,152,3,KL Rahul 38* (42b 2x4),Dunith Wellalage 6.3-1-26-3
0,43639222,30,29.04,29.4,4,1,1,False,False,False,,,0,0,0,73,221,6,2023-09-12T11:39:39.000Z,60530,102835,153,3,KL Rahul 39* (43b 2x4),Dunith Wellalage 6.4-1-27-3
0,43639228,30,29.05,29.5,5,1,1,False,False,False,,,0,0,0,69,110,7,2023-09-12T11:41:03.000Z,75325,102835,154,3,Ishan Kishan 23* (51b 1x4),Dunith Wellalage 6.5-1-28-3
0,43639232,30,29.06,29.6,6,0,0,False,False,True,60530,1,0,0,0,186,192,4,2023-09-12T11:40:39.000Z,60530,102835,154,4,KL Rahul 39 (44b 2x4),Dunith Wellalage 7-1-28-4
0,43639485,31,30.01,30.1,1,1,1,False,False,False,,,0,0,0,324,187,3,2023-09-12T11:45:42.000Z,75325,78229,155,4,Ishan Kishan 24* (52b 1x4),Charith Asalanka 0.1-0-1-0
0,43639489,31,30.02,30.2,2,0,0,False,False,False,,,0,0,0,222,197,3,2023-09-12T11:46:22.000Z,70633,78229,155,4,Hardik Pandya 0* (1b),Charith Asalanka 0.2-0-1-0
0,43639491,31,30.03,30.3,3,1,1,False,False,False,,,0,0,0,200,58,1,2023-09-12T11:46:39.000Z,70633,78229,156,4,Hardik Pandya 1* (2b),Charith Asalanka 0.3-0-2-0
0,43639495,31,30.04,30.4,4,0,0,False,False,False,,,0,0,0,215,195,3,2023-09-12T11:47:15.000Z,75325,78229,156,4,Ishan Kishan 24* (53b 1x4),Charith Asalanka 0.4-0-2-0
0,43639496,31,30.05,30.5,5,0,0,False,False,False,,,0,0,0,241,174,3,2023-09-12T11:47:29.000Z,75325,78229,156,4,Ishan Kishan 24* (54b 1x4),Charith Asalanka 0.5-0-2-0
0,43639499,31,30.06,30.6,6,0,0,False,False,False,,,0,0,0,0,0,0,2023-09-12T11:47:52.000Z,75325,78229,156,4,Ishan Kishan 24* (55b 1x4),Charith Asalanka 1-0-2-0
0,43639508,32,31.01,31.1,1,0,0,False,False,False,,,0,0,0,152,188,6,2023-09-12T11:48:58.000Z,70633,102835,156,4,Hardik Pandya 1* (3b),Dunith Wellalage 7.1-1-28-4
0,43639512,32,31.02,31.2,2,0,0,False,False,False,,,0,0,0,0,0,0,2023-09-12T11:49:14.000Z,70633,102835,156,4,Hardik Pandya 1* (4b),Dunith Wellalage 7.2-1-28-4
0,43639514,32,31.03,31.3,3,1,1,False,False,False,,,0,0,0,131,172,6,2023-09-12T11:49:36.000Z,70633,102835,157,4,Hardik Pandya 2* (5b),Dunith Wellalage 7.3-1-29-4
0,43639521,32,31.04,31.4,4,1,1,False,False,False,,,0,0,0,52,182,6,2023-09-12T11:50:05.000Z,75325,102835,158,4,Ishan Kishan 25* (56b 1x4),Dunith Wellalage 7.4-1-30-4
0,43639526,32,31.05,31.5,5,1,1,False,False,False,,,0,0,0,34,184,6,2023-09-12T11:50:33.000Z,70633,102835,159,4,Hardik Pandya 3* (6b),Dunith Wellalage 7.5-1-31-4
0,43639530,32,31.06,31.6,6,6,6,False,True,False,,,0,0,0,164,361,5,2023-09-12T11:51:06.000Z,75325,102835,165,4,Ishan Kishan 31* (57b 1x4 1x6),Dunith Wellalage 8-1-37-4
0,43639538,33,32.01,32.1,1,0,0,False,False,False,,,0,0,0,208,174,3,2023-09-12T11:52:12.000Z,70633,78229,165,4,Hardik Pandya 3* (7b),Charith Asalanka 1.1-0-2-0
0,43639540,33,32.02,32.2,2,0,0,False,False,False,,,0,0,0,221,182,3,2023-09-12T11:52:23.000Z,70633,78229,165,4,Hardik Pandya 3* (8b),Charith Asalanka 1.2-0-2-0
0,43639544,33,32.03,32.3,3,1,1,False,False,False,,,0,0,0,168,133,8,2023-09-12T11:52:46.000Z,70633,78229,166,4,Hardik Pandya 4* (9b),Charith Asalanka 1.3-0-3-0
0,43639548,33,32.04,32.4,4,1,1,False,False,False,,,0,0,0,235,174,3,2023-09-12T11:53:19.000Z,75325,78229,167,4,Ishan Kishan 32* (58b 1x4 1x6),Charith Asalanka 1.4-0-4-0
0,43639551,33,32.05,32.5,5,0,0,False,False,False,,,0,0,0,173,190,5,2023-09-12T11:53:49.000Z,70633,78229,167,4,Hardik Pandya 4* (10b),Charith Asalanka 1.5-0-4-0
0,43639556,33,32.06,32.6,6,1,0,False,False,False,,,0,1,0,0,0,0,2023-09-12T11:54:48.000Z,70633,78229,168,4,Hardik Pandya 4* (11b),Charith Asalanka 2-0-4-0
0,43639566,34,33.01,33.1,1,0,0,False,False,False,,,0,0,0,0,0,0,2023-09-12T11:55:37.000Z,70633,102835,168,4,Hardik Pandya 4* (12b),Dunith Wellalage 8.1-1-37-4
0,43639570,34,33.02,33.2,2,1,1,False,False,False,,,0,0,0,140,149,7,2023-09-12T11:56:00.000Z,70633,102835,169,4,Hardik Pandya 5* (13b),Dunith Wellalage 8.2-1-38-4
0,43639574,34,33.03,33.3,3,1,1,False,False,False,,,0,0,0,54,137,7,2023-09-12T11:56:30.000Z,75325,102835,170,4,Ishan Kishan 33* (59b 1x4 1x6),Dunith Wellalage 8.3-1-39-4
0,43639580,34,33.04,33.4,4,0,0,False,False,False,,,0,0,0,0,0,0,2023-09-12T11:56:52.000Z,70633,102835,170,4,Hardik Pandya 5* (14b),Dunith Wellalage 8.4-1-39-4
0,43639583,34,33.05,33.5,5,0,0,False,False,False,,,0,0,0,167,177,6,2023-09-12T11:57:30.000Z,70633,102835,170,4,Hardik Pandya 5* (15b),Dunith Wellalage 8.5-1-39-4
0,43639589,34,33.06,33.6,6,0,0,False,False,False,,,0,0,0,146,190,6,2023-09-12T11:57:51.000Z,70633,102835,170,4,Hardik Pandya 5* (16b),Dunith Wellalage 9-1-39-4
0,43639604,35,34.01,34.1,1,0,0,False,False,False,,,0,0,0,227,153,2,2023-09-12T11:59:12.000Z,75325,78229,170,4,Ishan Kishan 33* (60b 1x4 1x6),Charith Asalanka 2.1-0-4-0
0,43639607,35,34.02,34.2,2,0,0,False,False,True,75325,1,0,0,0,244,208,3,2023-09-12T11:59:56.000Z,75325,78229,170,5,Ishan Kishan 33 (61b 1x4 1x6),Charith Asalanka 2.2-0-4-1
0,43639628,35,34.03,34.3,3,0,0,False,False,False,,,0,0,0,213,171,3,2023-09-12T12:02:06.000Z,49247,78229,170,5,Ravindra Jadeja 0* (1b),Charith Asalanka 2.3-0-4-1
0,43639633,35,34.04,34.4,4,0,0,False,False,False,,,0,0,0,239,178,3,2023-09-12T12:02:26.000Z,49247,78229,170,5,Ravindra Jadeja 0* (2b),Charith Asalanka 2.4-0-4-1
0,43639635,35,34.05,34.5,5,0,0,False,False,False,,,0,0,0,229,188,3,2023-09-12T12:02:44.000Z,49247,78229,170,5,Ravindra Jadeja 0* (3b),Charith Asalanka 2.5-0-4-1
0,43639637,35,34.06,34.6,6,1,1,False,False,False,,,0,0,0,195,107,1,2023-09-12T12:03:17.000Z,49247,78229,171,5,Ravindra Jadeja 1* (4b),Charith Asalanka 3-0-5-1
0,43639646,36,35.01,35.1,1,0,0,False,False,False,,,0,0,0,137,190,6,2023-09-12T12:04:22.000Z,49247,102835,171,5,Ravindra Jadeja 1* (5b),Dunith Wellalage 9.1-1-39-4
0,43639648,36,35.02,35.2,2,0,0,False,False,False,,,0,0,0,134,178,6,2023-09-12T12:04:40.000Z,49247,102835,171,5,Ravindra Jadeja 1* (6b),Dunith Wellalage 9.2-1-39-4
0,43639650,36,35.03,35.3,3,0,0,False,False,False,,,0,0,0,223,199,3,2023-09-12T12:04:53.000Z,49247,102835,171,5,Ravindra Jadeja 1* (7b),Dunith Wellalage 9.3-1-39-4
0,43639654,36,35.04,35.4,4,1,1,False,False,False,,,0,0,0,48,186,6,2023-09-12T12:05:20.000Z,49247,102835,172,5,Ravindra Jadeja 2* (8b),Dunith Wellalage 9.4-1-40-4
0,43639657,36,35.05,35.5,5,0,0,False,False,False,,,0,0,0,134,189,6,2023-09-12T12:05:48.000Z,70633,102835,172,5,Hardik Pandya 5* (17b),Dunith Wellalage 9.5-1-40-4
0,43639659,36,35.06,35.6,6,0,0,False,False,True,70633,1,0,0,0,0,0,0,2023-09-12T12:08:02.000Z,70633,102835,172,6,Hardik Pandya 5 (18b),Dunith Wellalage 10-1-40-5
0,43639678,37,36.01,36.1,1,1,1,False,False,False,,,0,0,0,199,102,1,2023-09-12T12:10:19.000Z,49247,78229,173,6,Ravindra Jadeja 3* (9b),Charith Asalanka 3.1-0-6-1
0,43639684,37,36.02,36.2,2,1,1,False,False,False,,,0,0,0,206,321,4,2023-09-12T12:10:57.000Z,67455,78229,174,6,Axar Patel 1* (1b),Charith Asalanka 3.2-0-7-1
0,43639687,37,36.03,36.3,3,0,0,False,False,False,,,0,0,0,175,183,5,2023-09-12T12:11:20.000Z,49247,78229,174,6,Ravindra Jadeja 3* (10b),Charith Asalanka 3.3-0-7-1
0,43639692,37,36.04,36.4,4,0,0,False,False,False,,,0,0,0,0,0,0,2023-09-12T12:11:30.000Z,49247,78229,174,6,Ravindra Jadeja 3* (11b),Charith Asalanka 3.4-0-7-1
0,43639694,37,36.05,36.5,5,0,0,False,False,False,,,0,0,0,137,155,7,2023-09-12T12:11:54.000Z,49247,78229,174,6,Ravindra Jadeja 3* (12b),Charith Asalanka 3.5-0-7-1
0,43639698,37,36.06,36.6,6,0,0,False,False,False,,,0,0,0,187,195,4,2023-09-12T12:12:08.000Z,49247,78229,174,6,Ravindra Jadeja 3* (13b),Charith Asalanka 4-0-7-1
0,43639711,38,37.01,37.1,1,0,0,False,False,False,,,0,0,0,157,174,6,2023-09-12T12:13:17.000Z,67455,62760,174,6,Axar Patel 1* (2b),Dhananjaya de Silva 8.1-0-25-0
0,43639715,38,37.02,37.2,2,1,1,False,False,False,,,0,0,0,222,301,4,2023-09-12T12:13:42.000Z,67455,62760,175,6,Axar Patel 2* (3b),Dhananjaya de Silva 8.2-0-26-0
0,43639719,38,37.03,37.3,3,0,0,False,False,False,,,0,0,0,216,175,3,2023-09-12T12:13:58.000Z,49247,62760,175,6,Ravindra Jadeja 3* (14b),Dhananjaya de Silva 8.3-0-26-0
0,43639723,38,37.04,37.4,4,0,0,False,False,False,,,0,0,0,208,177,3,2023-09-12T12:14:15.000Z,49247,62760,175,6,Ravindra Jadeja 3* (15b),Dhananjaya de Silva 8.4-0-26-0
0,43639724,38,37.05,37.5,5,0,0,False,False,False,,,0,0,0,180,192,4,2023-09-12T12:14:32.000Z,49247,62760,175,6,Ravindra Jadeja 3* (16b),Dhananjaya de Silva 8.5-0-26-0
0,43639727,38,37.06,37.6,6,0,0,False,False,False,,,0,0,0,240,179,3,2023-09-12T12:14:55.000Z,49247,62760,175,6,Ravindra Jadeja 3* (17b),Dhananjaya de Silva 9-0-26-0
0,43639738,39,38.01,38.1,1,0,0,False,False,False,,,0,0,0,234,194,3,2023-09-12T12:15:49.000Z,67455,78229,175,6,Axar Patel 2* (4b),Charith Asalanka 4.1-0-7-1
0,43639740,39,38.02,38.2,2,1,1,False,False,False,,,0,0,0,331,186,3,2023-09-12T12:16:02.000Z,67455,78229,176,6,Axar Patel 3* (5b),Charith Asalanka 4.2-0-8-1
0,43639747,39,38.03,38.3,3,1,1,False,False,False,,,0,0,0,44,181,6,2023-09-12T12:16:31.000Z,49247,78229,177,6,Ravindra Jadeja 4* (18b),Charith Asalanka 4.3-0-9-1
0,43639749,39,38.04,38.4,4,1,1,False,False,False,,,0,0,0,152,312,5,2023-09-12T12:16:54.000Z,67455,78229,178,6,Axar Patel 4* (6b),Charith Asalanka 4.4-0-10-1
0,43639756,39,38.05,38.5,5,0,0,False,False,True,49247,1,0,0,0,187,153,1,2023-09-12T12:17:39.000Z,49247,78229,178,7,Ravindra Jadeja 4 (19b),Charith Asalanka 4.5-0-10-2
0,43639778,39,38.06,38.6,6,0,0,False,False,False,,,0,0,0,187,190,4,2023-09-12T12:19:48.000Z,70640,78229,178,7,Jasprit Bumrah 0* (1b),Charith Asalanka 5-0-10-2
0,43639782,40,39.01,39.1,1,1,1,False,False,False,,,0,0,0,205,310,4,2023-09-12T12:20:34.000Z,67455,62760,179,7,Axar Patel 5* (7b),Dhananjaya de Silva 9.1-0-27-0
0,43639787,40,39.02,39.2,2,0,0,False,False,False,,,0,0,0,168,243,5,2023-09-12T12:21:13.000Z,70640,62760,179,7,Jasprit Bumrah 0* (2b),Dhananjaya de Silva 9.2-0-27-0
0,43639793,40,39.03,39.3,3,0,0,False,False,False,,,0,0,0,211,189,3,2023-09-12T12:21:24.000Z,70640,62760,179,7,Jasprit Bumrah 0* (3b),Dhananjaya de Silva 9.3-0-27-0
0,43639800,40,39.04,39.4,4,1,1,False,False,False,,,0,0,0,138,144,7,2023-09-12T12:22:10.000Z,70640,62760,180,7,Jasprit Bumrah 1* (4b),Dhananjaya de Silva 9.4-0-28-0
0,43639801,40,39.05,39.5,5,0,0,False,False,False,,,0,0,0,0,0,0,2023-09-12T12:22:27.000Z,67455,62760,180,7,Axar Patel 5* (8b),Dhananjaya de Silva 9.5-0-28-0
0,43639806,40,39.06,39.6,6,0,0,False,False,False,,,0,0,0,218,187,3,2023-09-12T12:22:47.000Z,67455,62760,180,7,Axar Patel 5* (9b),Dhananjaya de Silva 10-0-28-0
0,43639818,41,40.01,40.1,1,0,0,False,False,False,,,0,0,0,155,180,6,2023-09-12T12:24:10.000Z,70640,78229,180,7,Jasprit Bumrah 1* (5b),Charith Asalanka 5.1-0-10-2
0,43639822,41,40.02,40.2,2,1,1,False,False,False,,,0,0,0,301,250,3,2023-09-12T12:24:35.000Z,70640,78229,181,7,Jasprit Bumrah 2* (6b),Charith Asalanka 5.2-0-11-2
0,43639829,41,40.03,40.3,3,0,0,False,False,False,,,0,0,0,232,194,3,2023-09-12T12:25:01.000Z,67455,78229,181,7,Axar Patel 5* (10b),Charith Asalanka 5.3-0-11-2
0,43639831,41,40.04,40.4,4,1,1,False,False,False,,,0,0,0,303,190,3,2023-09-12T12:25:15.000Z,67455,78229,182,7,Axar Patel 6* (11b),Charith Asalanka 5.4-0-12-2
0,43639835,41,40.05,40.5,5,2,2,False,False,False,,,0,0,0,310,132,2,2023-09-12T12:25:52.000Z,70640,78229,184,7,Jasprit Bumrah 4* (7b),Charith Asalanka 5.5-0-14-2
0,43639840,41,40.06,40.6,6,0,0,False,False,False,,,0,0,0,203,129,1,2023-09-12T12:26:30.000Z,70640,78229,184,7,Jasprit Bumrah 4* (8b),Charith Asalanka 6-0-14-2
0,43639846,42,41.01,41.1,1,0,0,False,False,False,,,0,0,0,241,189,3,2023-09-12T12:27:31.000Z,67455,101991,184,7,Axar Patel 6* (12b),Maheesh Theekshana 5.1-0-20-0
0,43639851,42,41.02,41.2,2,1,1,False,False,False,,,0,0,0,324,136,2,2023-09-12T12:27:51.000Z,67455,101991,185,7,Axar Patel 7* (13b),Maheesh Theekshana 5.2-0-21-0
0,43639859,42,41.03,41.3,3,0,0,False,False,False,,,0,0,0,146,181,6,2023-09-12T12:28:30.000Z,70640,101991,185,7,Jasprit Bumrah 4* (9b),Maheesh Theekshana 5.3-0-21-0
0,43639861,42,41.04,41.4,4,0,0,False,False,False,,,0,0,0,160,180,6,2023-09-12T12:28:52.000Z,70640,101991,185,7,Jasprit Bumrah 4* (10b),Maheesh Theekshana 5.4-0-21-0
0,43639866,42,41.05,41.5,5,1,1,False,False,False,,,0,0,0,229,40,1,2023-09-12T12:29:19.000Z,70640,101991,186,7,Jasprit Bumrah 5* (11b),Maheesh Theekshana 5.5-0-22-0
0,43639871,42,41.06,41.6,6,0,0,False,False,False,,,0,0,0,153,194,5,2023-09-12T12:29:42.000Z,67455,101991,186,7,Axar Patel 7* (14b),Maheesh Theekshana 6-0-22-0
0,43639881,43,42.01,42.1,1,0,0,False,False,True,70640,2,0,0,0,0,0,0,2023-09-12T12:30:55.000Z,70640,78229,186,8,Jasprit Bumrah 5 (12b),Charith Asalanka 6.1-0-14-3
0,43639896,43,42.02,42.2,2,0,0,False,False,True,67609,1,0,0,0,195,137,1,2023-09-12T12:33:04.000Z,67609,78229,186,9,Kuldeep Yadav 0 (1b),Charith Asalanka 6.2-0-14-4
0,43639914,43,42.03,42.3,3,0,0,False,False,False,,,0,0,0,193,161,2,2023-09-12T12:35:30.000Z,87477,78229,186,9,Mohammed Siraj 0* (1b),Charith Asalanka 6.3-0-14-4
0,43639925,43,42.04,42.4,4,0,0,False,False,False,,,0,0,0,211,182,3,2023-09-12T12:36:02.000Z,87477,78229,186,9,Mohammed Siraj 0* (2b),Charith Asalanka 6.4-0-14-4
0,43639928,43,42.05,42.5,5,0,0,False,False,False,,,0,0,0,0,0,0,2023-09-12T12:36:31.000Z,87477,78229,186,9,Mohammed Siraj 0* (3b),Charith Asalanka 6.5-0-14-4
0,43639933,43,42.06,42.6,6,0,0,False,False,False,,,0,0,0,212,185,3,2023-09-12T12:36:42.000Z,87477,78229,186,9,Mohammed Siraj 0* (4b),Charith Asalanka 7-1-14-4
0,43639952,44,43.01,43.1,1,2,2,False,False,False,,,0,0,0,312,247,3,2023-09-12T12:38:11.000Z,67455,101991,188,9,Axar Patel 9* (15b),Maheesh Theekshana 6.1-0-24-0
0,43639960,44,43.02,43.2,2,1,1,False,False,False,,,0,0,0,213,318,4,2023-09-12T12:38:34.000Z,67455,101991,189,9,Axar Patel 10* (16b),Maheesh Theekshana 6.2-0-25-0
0,43639969,44,43.03,43.3,3,1,0,False,False,False,,,0,0,1,0,0,0,2023-09-12T12:39:28.000Z,87477,101991,190,9,Mohammed Siraj 0* (4b),Maheesh Theekshana 6.2-0-26-0
0,43639972,44,43.04,43.3,4,0,0,False,False,False,,,0,0,0,0,0,0,2023-09-12T12:39:59.000Z,87477,101991,190,9,Mohammed Siraj 0* (5b),Maheesh Theekshana 6.3-0-26-0
0,43639978,44,43.05,43.4,5,0,0,False,False,False,,,0,0,0,134,196,6,2023-09-12T12:40:25.000Z,87477,101991,190,9,Mohammed Siraj 0* (6b),Maheesh Theekshana 6.4-0-26-0
0,43639981,44,43.06,43.5,6,0,0,False,False,False,,,0,0,0,151,164,7,2023-09-12T12:40:45.000Z,87477,101991,190,9,Mohammed Siraj 0* (7b),Maheesh Theekshana 6.5-0-26-0
0,43640005,44,43.07,43.6,7,0,0,False,False,False,,,0,0,0,0,0,0,2023-09-12T12:42:44.000Z,87477,101991,190,9,Mohammed Siraj 0* (8b),Maheesh Theekshana 7-0-26-0
0,43640008,45,44.01,44.1,1,0,0,False,False,False,,,0,0,0,0,0,0,2023-09-12T12:43:25.000Z,67455,78229,190,9,Axar Patel 10* (17b),Charith Asalanka 7.1-1-14-4
0,43640011,45,44.02,44.2,2,0,0,False,False,False,,,0,0,0,182,193,4,2023-09-12T12:43:37.000Z,67455,78229,190,9,Axar Patel 10* (18b),Charith Asalanka 7.2-1-14-4
0,43640014,45,44.03,44.3,3,0,0,False,False,False,,,0,0,0,232,193,3,2023-09-12T12:43:53.000Z,67455,78229,190,9,Axar Patel 10* (19b),Charith Asalanka 7.3-1-14-4
0,43640016,45,44.04,44.4,4,0,0,False,False,False,,,0,0,0,221,193,3,2023-09-12T12:44:15.000Z,67455,78229,190,9,Axar Patel 10* (20b),Charith Asalanka 7.4-1-14-4
0,43640021,45,44.05,44.5,5,1,1,False,False,False,,,0,0,0,324,206,3,2023-09-12T12:44:30.000Z,67455,78229,191,9,Axar Patel 11* (21b),Charith Asalanka 7.5-1-15-4
0,43640026,45,44.06,44.6,6,0,0,False,False,False,,,0,0,0,212,184,3,2023-09-12T12:45:12.000Z,87477,78229,191,9,Mohammed Siraj 0* (9b),Charith Asalanka 8-1-15-4
0,43640038,46,45.01,45.1,1,0,0,False,False,False,,,0,0,0,316,233,3,2023-09-12T12:46:22.000Z,67455,101991,191,9,Axar Patel 11* (22b),Maheesh Theekshana 7.1-0-26-0
0,43640040,46,45.02,45.2,2,0,0,False,False,False,,,0,0,0,210,143,2,2023-09-12T12:46:49.000Z,67455,101991,191,9,Axar Patel 11* (23b),Maheesh Theekshana 7.2-0-26-0
0,43640044,46,45.03,45.3,3,0,0,False,False,False,,,0,0,0,260,314,4,2023-09-12T12:47:20.000Z,67455,101991,191,9,Axar Patel 11* (24b),Maheesh Theekshana 7.3-0-26-0
0,43640047,46,45.04,45.4,4,1,1,False,False,False,,,0,0,0,317,204,3,2023-09-12T12:47:37.000Z,67455,101991,192,9,Axar Patel 12* (25b),Maheesh Theekshana 7.4-0-27-0
0,43640054,46,45.05,45.5,5,1,1,False,False,False,,,0,0,0,258,69,1,2023-09-12T12:48:13.000Z,87477,101991,193,9,Mohammed Siraj 1* (10b),Maheesh Theekshana 7.5-0-28-0
0,43640062,46,45.06,45.6,6,1,1,False,False,False,,,0,0,0,203,185,3,2023-09-12T12:48:57.000Z,67455,101991,194,9,Axar Patel 13* (26b),Maheesh Theekshana 8-0-29-0
0,43640071,47,46.01,46.1,1,0,0,False,False,False,,,0,0,0,186,196,4,2023-09-12T12:49:53.000Z,67455,78229,194,9,Axar Patel 13* (27b),Charith Asalanka 8.1-1-15-4
0,43640076,47,46.02,46.2,2,1,1,False,False,False,,,0,0,0,228,316,4,2023-09-12T12:50:30.000Z,67455,78229,195,9,Axar Patel 14* (28b),Charith Asalanka 8.2-1-16-4
0,43640083,47,46.03,46.3,3,1,1,False,False,False,,,0,0,0,152,190,6,2023-09-12T12:51:01.000Z,87477,78229,196,9,Mohammed Siraj 2* (11b),Charith Asalanka 8.3-1-17-4
0,43640089,47,46.04,46.4,4,1,1,False,False,False,,,0,0,0,280,276,4,2023-09-12T12:51:36.000Z,67455,78229,197,9,Axar Patel 15* (29b),Charith Asalanka 8.4-1-18-4
0,43640097,47,46.05,46.5,5,0,0,False,False,False,,,0,0,0,167,182,5,2023-09-12T12:52:23.000Z,87477,78229,197,9,Mohammed Siraj 2* (12b),Charith Asalanka 8.5-1-18-4
0,43640100,47,46.06,46.6,6,0,0,False,False,False,,,0,0,0,137,190,6,2023-09-12T12:52:38.000Z,87477,78229,197,9,Mohammed Siraj 2* (13b),Charith Asalanka 9-1-18-4
0,43640568,48,47.01,47.1,1,1,0,False,False,False,,,0,0,1,0,0,0,2023-09-12T13:45:40.000Z,67455,101991,198,9,Axar Patel 15* (29b),Maheesh Theekshana 8-0-30-0
0,43640574,48,47.02,47.1,2,0,0,False,False,False,,,0,0,0,0,0,0,2023-09-12T13:46:05.000Z,67455,101991,198,9,Axar Patel 15* (30b),Maheesh Theekshana 8.1-0-30-0
0,43640580,48,47.03,47.2,3,2,2,False,False,False,,,0,0,0,308,109,2,2023-09-12T13:46:36.000Z,67455,101991,200,9,Axar Patel 17* (31b),Maheesh Theekshana 8.2-0-32-0
0,43640588,48,47.04,47.3,4,1,1,False,False,False,,,0,0,0,274,294,4,2023-09-12T13:47:10.000Z,67455,101991,201,9,Axar Patel 18* (32b),Maheesh Theekshana 8.3-0-33-0
0,43640599,48,47.05,47.4,5,0,0,False,False,False,,,0,0,0,181,168,4,2023-09-12T13:48:03.000Z,87477,101991,201,9,Mohammed Siraj 2* (14b),Maheesh Theekshana 8.4-0-33-0
0,43640602,48,47.06,47.5,6,1,1,False,False,False,,,0,0,0,218,45,1,2023-09-12T13:48:27.000Z,87477,101991,202,9,Mohammed Siraj 3* (15b),Maheesh Theekshana 8.5-0-34-0
0,43640608,48,47.07,47.6,7,6,6,False,True,False,,,0,0,0,82,331,5,2023-09-12T13:49:04.000Z,67455,101991,208,9,Axar Patel 24* (33b 1x6),Maheesh Theekshana 9-0-40-0
0,43640627,49,48.01,48.1,1,0,0,False,False,False,,,0,0,0,0,0,0,2023-09-12T13:50:29.000Z,87477,105938,208,9,Mohammed Siraj 3* (16b),Matheesha Pathirana 3.1-0-27-0
0,43640634,49,48.02,48.2,2,0,0,False,False,False,,,0,0,0,169,125,8,2023-09-12T13:51:08.000Z,87477,105938,208,9,Mohammed Siraj 3* (17b),Matheesha Pathirana 3.2-0-27-0
0,43640639,49,48.03,48.3,3,1,1,False,False,False,,,0,0,0,244,200,3,2023-09-12T13:51:38.000Z,87477,105938,209,9,Mohammed Siraj 4* (18b),Matheesha Pathirana 3.3-0-28-0
0,43640647,49,48.04,48.4,4,1,1,False,False,False,,,0,0,0,224,255,4,2023-09-12T13:52:29.000Z,67455,105938,210,9,Axar Patel 25* (34b 1x6),Matheesha Pathirana 3.4-0-29-0
0,43640655,49,48.05,48.5,5,1,1,False,False,False,,,0,0,0,81,89,7,2023-09-12T13:53:09.000Z,87477,105938,211,9,Mohammed Siraj 5* (19b),Matheesha Pathirana 3.5-0-30-0
0,43640664,49,48.06,48.6,6,1,1,False,False,False,,,0,0,0,254,45,1,2023-09-12T13:54:03.000Z,67455,105938,212,9,Axar Patel 26* (35b 1x6),Matheesha Pathirana 4-0-31-0
0,43640683,50,49.01,49.1,1,1,0,False,False,False,,,0,0,1,0,0,0,2023-09-12T13:55:25.000Z,67455,101991,213,9,Axar Patel 26* (35b 1x6),Maheesh Theekshana 9-0-41-0
0,43640700,50,49.02,49.1,2,0,0,False,False,True,67455,1,0,0,0,107,303,5,2023-09-12T13:56:48.000Z,67455,101991,213,10,Axar Patel 26 (36b 1x6),Maheesh Theekshana 9.1-0-41-1
1,43640799,1,0.01,0.1,1,0,0,False,False,False,,,0,0,0,0,0,0,2023-09-12T14:07:25.000Z,93033,70640,0,0,Pathum Nissanka 0* (1b),Jasprit Bumrah 0.1-0-0-0
1,43640802,1,0.02,0.2,2,0,0,False,False,False,,,0,0,0,159,157,7,2023-09-12T14:07:49.000Z,93033,70640,0,0,Pathum Nissanka 0* (2b),Jasprit Bumrah 0.2-0-0-0
1,43640807,1,0.03,0.3,3,0,0,False,False,False,,,0,0,0,141,174,6,2023-09-12T14:08:27.000Z,93033,70640,0,0,Pathum Nissanka 0* (3b),Jasprit Bumrah 0.3-0-0-0
1,43640817,1,0.04,0.4,4,2,2,False,False,False,,,0,0,0,290,136,2,2023-09-12T14:09:00.000Z,93033,70640,2,0,Pathum Nissanka 2* (4b),Jasprit Bumrah 0.4-0-2-0
1,43640827,1,0.05,0.5,5,4,4,True,False,False,,,0,0,0,1,183,6,2023-09-12T14:10:20.000Z,93033,70640,6,0,Pathum Nissanka 6* (5b 1x4),Jasprit Bumrah 0.5-0-6-0
1,43640834,1,0.06,0.6,6,1,0,False,False,False,,,0,0,1,0,0,0,2023-09-12T14:11:06.000Z,93033,70640,7,0,Pathum Nissanka 6* (5b 1x4),Jasprit Bumrah 0.5-0-7-0
1,43640841,1,0.07,0.6,7,0,0,False,False,False,,,0,0,0,149,201,5,2023-09-12T14:11:54.000Z,93033,70640,7,0,Pathum Nissanka 6* (6b 1x4),Jasprit Bumrah 1-0-7-0
1,43640853,2,1.01,1.1,1,0,0,False,False,False,,,0,0,0,0,0,0,2023-09-12T14:12:46.000Z,48988,87477,7,0,Dimuth Karunaratne 0* (1b),Mohammed Siraj 0.1-0-0-0
1,43640858,2,1.02,1.2,2,0,0,False,False,False,,,0,0,0,233,153,2,2023-09-12T14:13:17.000Z,48988,87477,7,0,Dimuth Karunaratne 0* (2b),Mohammed Siraj 0.2-0-0-0
1,43640862,2,1.03,1.3,3,0,0,False,False,False,,,0,0,0,0,0,0,2023-09-12T14:13:49.000Z,48988,87477,7,0,Dimuth Karunaratne 0* (3b),Mohammed Siraj 0.3-0-0-0
1,43640869,2,1.04,1.4,4,0,0,False,False,False,,,0,0,0,184,192,4,2023-09-12T14:14:33.000Z,48988,87477,7,0,Dimuth Karunaratne 0* (4b),Mohammed Siraj 0.4-0-0-0
1,43640878,2,1.05,1.5,5,0,0,False,False,False,,,0,0,0,228,154,2,2023-09-12T14:15:23.000Z,48988,87477,7,0,Dimuth Karunaratne 0* (5b),Mohammed Siraj 0.5-0-0-0
1,43640885,2,1.06,1.6,6,0,0,False,False,False,,,0,0,0,233,173,3,2023-09-12T14:15:45.000Z,48988,87477,7,0,Dimuth Karunaratne 0* (6b),Mohammed Siraj 1-1-0-0
1,43640897,3,2.01,2.1,1,0,0,False,False,True,93033,1,0,0,0,176,132,8,2023-09-12T14:17:13.000Z,93033,70640,7,1,Pathum Nissanka 6 (7b 1x4),Jasprit Bumrah 1.1-0-7-1
1,43640912,3,2.02,2.2,2,0,0,False,False,False,,,0,0,0,0,0,0,2023-09-12T14:19:07.000Z,70888,70640,7,1,Kusal Mendis 0* (1b),Jasprit Bumrah 1.2-0-7-1
1,43640919,3,2.03,2.3,3,0,0,False,False,False,,,0,0,0,0,0,0,2023-09-12T14:19:31.000Z,70888,70640,7,1,Kusal Mendis 0* (2b),Jasprit Bumrah 1.3-0-7-1
1,43640925,3,2.04,2.4,4,0,0,False,False,False,,,0,0,0,151,169,6,2023-09-12T14:20:09.000Z,70888,70640,7,1,Kusal Mendis 0* (3b),Jasprit Bumrah 1.4-0-7-1
1,43640931,3,2.05,2.5,5,0,0,False,False,False,,,0,0,0,137,172,6,2023-09-12T14:20:43.000Z,70888,70640,7,1,Kusal Mendis 0* (4b),Jasprit Bumrah 1.5-0-7-1
1,43640938,3,2.06,2.6,6,0,0,False,False,False,,,0,0,0,152,184,6,2023-09-12T14:21:22.000Z,70888,70640,7,1,Kusal Mendis 0* (5b),Jasprit Bumrah 2-1-7-1
1,43640947,4,3.01,3.1,1,0,0,False,False,False,,,0,0,0,0,0,0,2023-09-12T14:22:15.000Z,48988,87477,7,1,Dimuth Karunaratne 0* (7b),Mohammed Siraj 1.1-1-0-0
1,43640956,4,3.02,3.2,2,1,1,False,False,False,,,0,0,0,206,237,4,2023-09-12T14:22:59.000Z,48988,87477,8,1,Dimuth Karunaratne 1* (8b),Mohammed Siraj 1.2-1-1-0
1,43640966,4,3.03,3.3,3,4,4,True,False,False,,,0,0,0,360,175,3,2023-09-12T14:23:52.000Z,70888,87477,12,1,Kusal Mendis 4* (6b 1x4),Mohammed Siraj 1.3-1-5-0
1,43640972,4,3.04,3.4,4,1,1,False,False,False,,,0,0,0,154,38,8,2023-09-12T14:24:27.000Z,70888,87477,13,1,Kusal Mendis 5* (7b 1x4),Mohammed Siraj 1.4-1-6-0
1,43640979,4,3.05,3.5,5,1,1,False,False,False,,,0,0,0,141,189,6,2023-09-12T14:25:01.000Z,48988,87477,14,1,Dimuth Karunaratne 2* (9b),Mohammed Siraj 1.5-1-7-0
1,43640988,4,3.06,3.6,6,1,1,False,False,False,,,0,0,0,170,41,8,2023-09-12T14:26:08.000Z,70888,87477,15,1,Kusal Mendis 6* (8b 1x4),Mohammed Siraj 2-1-8-0
1,43640995,5,4.01,4.1,1,0,0,False,False,False,,,0,0,0,132,173,6,2023-09-12T14:26:39.000Z,70888,70640,15,1,Kusal Mendis 6* (9b 1x4),Jasprit Bumrah 2.1-1-7-1
1,43640999,5,4.02,4.2,2,4,4,True,False,False,,,0,0,0,156,3,8,2023-09-12T14:27:38.000Z,70888,70640,19,1,Kusal Mendis 10* (10b 2x4),Jasprit Bumrah 2.2-1-11-1
1,43641005,5,4.03,4.3,3,0,0,False,False,False,,,0,0,0,132,151,7,2023-09-12T14:27:59.000Z,70888,70640,19,1,Kusal Mendis 10* (11b 2x4),Jasprit Bumrah 2.3-1-11-1
1,43641011,5,4.04,4.4,4,1,1,False,False,False,,,0,0,0,224,207,3,2023-09-12T14:28:36.000Z,70888,70640,20,1,Kusal Mendis 11* (12b 2x4),Jasprit Bumrah 2.4-1-12-1
1,43641018,5,4.05,4.5,5,0,0,False,False,False,,,0,0,0,138,194,6,2023-09-12T14:29:33.000Z,48988,70640,20,1,Dimuth Karunaratne 2* (10b),Jasprit Bumrah 2.5-1-12-1
1,43641025,5,4.06,4.6,6,1,0,False,False,False,,,0,1,0,0,0,0,2023-09-12T14:30:28.000Z,48988,70640,21,1,Dimuth Karunaratne 2* (11b),Jasprit Bumrah 3-1-12-1
1,43641032,6,5.01,5.1,1,0,0,False,False,False,,,0,0,0,163,238,5,2023-09-12T14:31:23.000Z,48988,87477,21,1,Dimuth Karunaratne 2* (12b),Mohammed Siraj 2.1-1-8-0
1,43641037,6,5.02,5.2,2,0,0,False,False,False,,,0,0,0,231,152,2,2023-09-12T14:32:01.000Z,48988,87477,21,1,Dimuth Karunaratne 2* (13b),Mohammed Siraj 2.2-1-8-0
1,43641045,6,5.03,5.3,3,0,0,False,False,False,,,0,0,0,182,188,4,2023-09-12T14:32:47.000Z,48988,87477,21,1,Dimuth Karunaratne 2* (14b),Mohammed Siraj 2.3-1-8-0
1,43641050,6,5.04,5.4,4,0,0,False,False,False,,,0,0,0,0,0,0,2023-09-12T14:33:29.000Z,48988,87477,21,1,Dimuth Karunaratne 2* (15b),Mohammed Siraj 2.4-1-8-0
1,43641055,6,5.05,5.5,5,0,0,False,False,False,,,0,0,0,195,240,4,2023-09-12T14:34:02.000Z,48988,87477,21,1,Dimuth Karunaratne 2* (16b),Mohammed Siraj 2.5-1-8-0
1,43641061,6,5.06,5.6,6,0,0,False,False,False,,,0,0,0,225,152,2,2023-09-12T14:34:44.000Z,48988,87477,21,1,Dimuth Karunaratne 2* (17b),Mohammed Siraj 3-2-8-0
1,43641070,7,6.01,6.1,1,4,4,True,False,False,,,0,0,0,353,284,3,2023-09-12T14:35:49.000Z,70888,70640,25,1,Kusal Mendis 15* (13b 3x4),Jasprit Bumrah 3.1-1-16-1
1,43641075,7,6.02,6.2,2,0,0,False,False,False,,,0,0,0,0,0,0,2023-09-12T14:36:43.000Z,70888,70640,25,1,Kusal Mendis 15* (14b 3x4),Jasprit Bumrah 3.2-1-16-1
1,43641081,7,6.03,6.3,3,0,0,False,False,False,,,0,0,0,176,185,5,2023-09-12T14:37:26.000Z,70888,70640,25,1,Kusal Mendis 15* (15b 3x4),Jasprit Bumrah 3.3-1-16-1
1,43641102,7,6.04,6.4,4,0,0,False,False,True,70888,1,0,0,0,147,189,6,2023-09-12T14:39:45.000Z,70888,70640,25,2,Kusal Mendis 15 (16b 3x4),Jasprit Bumrah 3.4-1-16-2
1,43641114,7,6.05,6.5,5,0,0,False,False,False,,,0,0,0,183,183,4,2023-09-12T14:41:50.000Z,70890,70640,25,2,Sadeera Samarawickrama 0* (1b),Jasprit Bumrah 3.5-1-16-2
1,43641120,7,6.06,6.6,6,0,0,False,False,False,,,0,0,0,181,170,4,2023-09-12T14:42:26.000Z,70890,70640,25,2,Sadeera Samarawickrama 0* (2b),Jasprit Bumrah 4-1-16-2
1,43641128,8,7.01,7.1,1,0,0,False,False,True,48988,1,0,0,0,193,123,1,2023-09-12T14:44:07.000Z,48988,87477,25,3,Dimuth Karunaratne 2 (18b),Mohammed Siraj 3.1-2-8-1
1,43641135,8,7.02,7.2,2,0,0,False,False,False,,,0,0,0,0,0,0,2023-09-12T14:45:27.000Z,78229,87477,25,3,Charith Asalanka 0* (1b),Mohammed Siraj 3.2-2-8-1
1,43641141,8,7.03,7.3,3,1,0,False,False,False,,,0,0,1,0,0,0,2023-09-12T14:46:48.000Z,78229,87477,26,3,Charith Asalanka 0* (1b),Mohammed Siraj 3.2-2-9-1
1,43641146,8,7.04,7.3,4,0,0,False,False,False,,,0,0,0,233,179,3,2023-09-12T14:47:02.000Z,78229,87477,26,3,Charith Asalanka 0* (2b),Mohammed Siraj 3.3-2-9-1
1,43641148,8,7.05,7.4,5,0,0,False,False,False,,,0,0,0,237,177,3,2023-09-12T14:47:45.000Z,78229,87477,26,3,Charith Asalanka 0* (3b),Mohammed Siraj 3.4-2-9-1
1,43641151,8,7.06,7.5,6,0,0,False,False,False,,,0,0,0,227,182,3,2023-09-12T14:48:25.000Z,78229,87477,26,3,Charith Asalanka 0* (4b),Mohammed Siraj 3.5-2-9-1
1,43641154,8,7.07,7.6,7,0,0,False,False,False,,,0,0,0,237,165,2,2023-09-12T14:49:16.000Z,78229,87477,26,3,Charith Asalanka 0* (5b),Mohammed Siraj 4-2-9-1
1,43641158,9,8.01,8.1,1,0,0,False,False,False,,,0,0,0,0,0,0,2023-09-12T14:50:30.000Z,70890,70640,26,3,Sadeera Samarawickrama 0* (3b),Jasprit Bumrah 4.1-1-16-2
1,43641162,9,8.02,8.2,2,0,0,False,False,False,,,0,0,0,0,0,0,2023-09-12T14:51:08.000Z,70890,70640,26,3,Sadeera Samarawickrama 0* (4b),Jasprit Bumrah 4.2-1-16-2
1,43641165,9,8.03,8.3,3,0,0,False,False,False,,,0,0,0,161,218,5,2023-09-12T14:52:03.000Z,70890,70640,26,3,Sadeera Samarawickrama 0* (5b),Jasprit Bumrah 4.3-1-16-2
1,43641169,9,8.04,8.4,4,1,0,False,False,False,,,0,0,1,0,0,0,2023-09-12T14:52:39.000Z,70890,70640,27,3,Sadeera Samarawickrama 0* (5b),Jasprit Bumrah 4.3-1-17-2
1,43641172,9,8.05,8.4,5,0,0,False,False,False,,,0,0,0,0,0,0,2023-09-12T14:53:04.000Z,70890,70640,27,3,Sadeera Samarawickrama 0* (6b),Jasprit Bumrah 4.4-1-17-2
1,43641174,9,8.06,8.5,6,4,4,True,False,False,,,0,0,0,124,355,5,2023-09-12T14:54:18.000Z,70890,70640,31,3,Sadeera Samarawickrama 4* (7b 1x4),Jasprit Bumrah 4.5-1-21-2
1,43641175,9,8.07,8.6,7,0,0,False,False,False,,,0,0,0,153,224,5,2023-09-12T14:54:41.000Z,70890,70640,31,3,Sadeera Samarawickrama 4* (8b 1x4),Jasprit Bumrah 5-1-21-2
1,43641177,10,9.01,9.1,1,0,0,False,False,False,,,0,0,0,0,0,0,2023-09-12T14:55:59.000Z,78229,87477,31,3,Charith Asalanka 0* (6b),Mohammed Siraj 4.1-2-9-1
1,43641178,10,9.02,9.2,2,0,0,False,False,False,,,0,0,0,198,232,4,2023-09-12T14:56:45.000Z,78229,87477,31,3,Charith Asalanka 0* (7b),Mohammed Siraj 4.2-2-9-1
1,43641179,10,9.03,9.3,3,0,0,False,False,False,,,0,0,0,236,154,2,2023-09-12T14:58:09.000Z,78229,87477,31,3,Charith Asalanka 0* (8b),Mohammed Siraj 4.3-2-9-1
1,43641180,10,9.04,9.4,4,4,4,True,False,False,,,0,0,0,353,140,2,2023-09-12T14:59:26.000Z,78229,87477,35,3,Charith Asalanka 4* (9b 1x4),Mohammed Siraj 4.4-2-13-1
1,43641183,10,9.05,9.5,5,4,4,True,False,False,,,0,0,0,151,5,8,2023-09-12T15:00:16.000Z,78229,87477,39,3,Charith Asalanka 8* (10b 2x4),Mohammed Siraj 4.5-2-17-1
1,43641185,10,9.06,9.6,6,0,0,False,False,False,,,0,0,0,203,224,4,2023-09-12T15:00:43.000Z,78229,87477,39,3,Charith Asalanka 8* (11b 2x4),Mohammed Siraj 5-2-17-1
1,43641190,11,10.01,10.1,1,2,2,False,False,False,,,0,0,0,43,194,6,2023-09-12T15:02:30.000Z,70890,70633,41,3,Sadeera Samarawickrama 6* (9b 1x4),Hardik Pandya 0.1-0-2-0
1,43641193,11,10.02,10.2,2,0,0,False,False,False,,,0,0,0,179,184,5,2023-09-12T15:03:07.000Z,70890,70633,41,3,Sadeera Samarawickrama 6* (10b 1x4),Hardik Pandya 0.2-0-2-0
1,43641196,11,10.03,10.3,3,1,1,False,False,False,,,0,0,0,216,38,1,2023-09-12T15:03:36.000Z,70890,70633,42,3,Sadeera Samarawickrama 7* (11b 1x4),Hardik Pandya 0.3-0-3-0
1,43641201,11,10.04,10.4,4,0,0,False,False,False,,,0,0,0,226,178,3,2023-09-12T15:04:32.000Z,78229,70633,42,3,Charith Asalanka 8* (12b 2x4),Hardik Pandya 0.4-0-3-0
1,43641205,11,10.05,10.5,5,0,0,False,False,False,,,0,0,0,213,188,3,2023-09-12T15:05:29.000Z,78229,70633,42,3,Charith Asalanka 8* (13b 2x4),Hardik Pandya 0.5-0-3-0
1,43641208,11,10.06,10.6,6,0,0,False,False,False,,,0,0,0,211,187,3,2023-09-12T15:05:59.000Z,78229,70633,42,3,Charith Asalanka 8* (14b 2x4),Hardik Pandya 1-0-3-0
1,43641217,12,11.01,11.1,1,1,1,False,False,False,,,0,0,0,231,173,3,2023-09-12T15:07:52.000Z,70890,67609,43,3,Sadeera Samarawickrama 8* (12b 1x4),Kuldeep Yadav 0.1-0-1-0
1,43641227,12,11.02,11.2,2,0,0,False,False,False,,,0,0,0,0,0,0,2023-09-12T15:09:39.000Z,78229,67609,43,3,Charith Asalanka 8* (15b 2x4),Kuldeep Yadav 0.2-0-1-0
1,43641231,12,11.03,11.3,3,1,0,False,False,False,,,1,0,0,0,0,0,2023-09-12T15:11:00.000Z,78229,67609,44,3,Charith Asalanka 8* (16b 2x4),Kuldeep Yadav 0.3-0-1-0
1,43641235,12,11.04,11.4,4,0,0,False,False,False,,,0,0,0,246,161,2,2023-09-12T15:10:46.000Z,70890,67609,44,3,Sadeera Samarawickrama 8* (13b 1x4),Kuldeep Yadav 0.4-0-1-0
1,43641239,12,11.05,11.5,5,0,0,False,False,False,,,0,0,0,213,196,3,2023-09-12T15:11:18.000Z,70890,67609,44,3,Sadeera Samarawickrama 8* (14b 1x4),Kuldeep Yadav 0.5-0-1-0
1,43641241,12,11.06,11.6,6,0,0,False,False,False,,,0,0,0,156,243,5,2023-09-12T15:11:28.000Z,70890,67609,44,3,Sadeera Samarawickrama 8* (15b 1x4),Kuldeep Yadav 1-0-1-0
1,43641246,13,12.01,12.1,1,1,0,False,False,False,,,1,0,0,0,0,0,2023-09-12T15:13:15.000Z,78229,49247,45,3,Charith Asalanka 8* (17b 2x4),Ravindra Jadeja 0.1-0-0-0
1,43641251,13,12.02,12.2,2,0,0,False,False,False,,,0,0,0,0,0,0,2023-09-12T15:13:37.000Z,70890,49247,45,3,Sadeera Samarawickrama 8* (16b 1x4),Ravindra Jadeja 0.2-0-0-0
1,43641254,13,12.03,12.3,3,1,1,False,False,False,,,0,0,0,287,183,3,2023-09-12T15:13:49.000Z,70890,49247,46,3,Sadeera Samarawickrama 9* (17b 1x4),Ravindra Jadeja 0.3-0-1-0
1,43641258,13,12.04,12.4,4,1,1,False,False,False,,,0,0,0,129,37,8,2023-09-12T15:14:22.000Z,78229,49247,47,3,Charith Asalanka 9* (18b 2x4),Ravindra Jadeja 0.4-0-2-0
1,43641262,13,12.05,12.5,5,0,0,False,False,False,,,0,0,0,147,147,7,2023-09-12T15:14:40.000Z,70890,49247,47,3,Sadeera Samarawickrama 9* (18b 1x4),Ravindra Jadeja 0.5-0-2-0
1,43641265,13,12.06,12.6,6,0,0,False,False,False,,,0,0,0,0,0,0,2023-09-12T15:15:13.000Z,70890,49247,47,3,Sadeera Samarawickrama 9* (19b 1x4),Ravindra Jadeja 1-0-2-0
1,43641275,14,13.01,13.1,1,3,3,False,False,False,,,0,0,0,148,21,8,2023-09-12T15:16:30.000Z,78229,67609,50,3,Charith Asalanka 12* (19b 2x4),Kuldeep Yadav 1.1-0-4-0
1,43641284,14,13.02,13.2,2,1,1,False,False,False,,,0,0,0,217,314,4,2023-09-12T15:17:10.000Z,70890,67609,51,3,Sadeera Samarawickrama 10* (20b 1x4),Kuldeep Yadav 1.2-0-5-0
1,43641291,14,13.03,13.3,3,0,0,False,False,False,,,0,0,0,231,157,2,2023-09-12T15:17:42.000Z,78229,67609,51,3,Charith Asalanka 12* (20b 2x4),Kuldeep Yadav 1.3-0-5-0
1,43641295,14,13.04,13.4,4,1,1,False,False,False,,,0,0,0,151,191,6,2023-09-12T15:18:08.000Z,78229,67609,52,3,Charith Asalanka 13* (21b 2x4),Kuldeep Yadav 1.4-0-6-0
1,43641299,14,13.05,13.5,5,0,0,False,False,False,,,0,0,0,178,193,5,2023-09-12T15:18:37.000Z,70890,67609,52,3,Sadeera Samarawickrama 10* (21b 1x4),Kuldeep Yadav 1.5-0-6-0
1,43641302,14,13.06,13.6,6,0,0,False,False,False,,,0,0,0,152,195,5,2023-09-12T15:18:55.000Z,70890,67609,52,3,Sadeera Samarawickrama 10* (22b 1x4),Kuldeep Yadav 2-0-6-0
1,43641330,15,14.01,14.1,1,0,0,False,False,False,,,0,0,0,157,171,6,2023-09-12T15:22:53.000Z,78229,49247,52,3,Charith Asalanka 13* (22b 2x4),Ravindra Jadeja 1.1-0-2-0
1,43641332,15,14.02,14.2,2,0,0,False,False,False,,,0,0,0,0,0,0,2023-09-12T15:23:07.000Z,78229,49247,52,3,Charith Asalanka 13* (23b 2x4),Ravindra Jadeja 1.2-0-2-0
1,43641336,15,14.03,14.3,3,1,1,False,False,False,,,0,0,0,69,86,7,2023-09-12T15:23:25.000Z,78229,49247,53,3,Charith Asalanka 14* (24b 2x4),Ravindra Jadeja 1.3-0-3-0
1,43641342,15,14.04,14.4,4,1,1,False,False,False,,,0,0,0,154,312,5,2023-09-12T15:24:00.000Z,70890,49247,54,3,Sadeera Samarawickrama 11* (23b 1x4),Ravindra Jadeja 1.4-0-4-0
1,43641344,15,14.05,14.5,5,1,1,False,False,False,,,0,0,0,134,174,6,2023-09-12T15:24:28.000Z,78229,49247,55,3,Charith Asalanka 15* (25b 2x4),Ravindra Jadeja 1.5-0-5-0
1,43641348,15,14.06,14.6,6,1,1,False,False,False,,,0,0,0,309,178,3,2023-09-12T15:24:53.000Z,70890,49247,56,3,Sadeera Samarawickrama 12* (24b 1x4),Ravindra Jadeja 2-0-6-0
1,43641359,16,15.01,15.1,1,1,1,False,False,False,,,0,0,0,271,60,1,2023-09-12T15:26:08.000Z,70890,67609,57,3,Sadeera Samarawickrama 13* (25b 1x4),Kuldeep Yadav 2.1-0-7-0
1,43641365,16,15.02,15.2,2,1,1,False,False,False,,,0,0,0,308,194,3,2023-09-12T15:26:48.000Z,78229,67609,58,3,Charith Asalanka 16* (26b 2x4),Kuldeep Yadav 2.2-0-8-0
1,43641369,16,15.03,15.3,3,2,2,False,False,False,,,0,0,0,35,225,6,2023-09-12T15:27:27.000Z,70890,67609,60,3,Sadeera Samarawickrama 15* (26b 1x4),Kuldeep Yadav 2.3-0-10-0
1,43641372,16,15.04,15.4,4,1,1,False,False,False,,,0,0,0,276,69,1,2023-09-12T15:27:59.000Z,70890,67609,61,3,Sadeera Samarawickrama 16* (27b 1x4),Kuldeep Yadav 2.4-0-11-0
1,43641375,16,15.05,15.5,5,1,1,False,False,False,,,0,0,0,85,180,6,2023-09-12T15:28:33.000Z,78229,67609,62,3,Charith Asalanka 17* (27b 2x4),Kuldeep Yadav 2.5-0-12-0
1,43641379,16,15.06,15.6,6,0,0,False,False,False,,,0,0,0,0,0,0,2023-09-12T15:29:16.000Z,70890,67609,62,3,Sadeera Samarawickrama 16* (28b 1x4),Kuldeep Yadav 3-0-12-0
1,43641384,17,16.01,16.1,1,0,0,False,False,False,,,0,0,0,245,137,2,2023-09-12T15:30:08.000Z,78229,49247,62,3,Charith Asalanka 17* (28b 2x4),Ravindra Jadeja 2.1-0-6-0
1,43641387,17,16.02,16.2,2,1,1,False,False,False,,,0,0,0,112,47,8,2023-09-12T15:30:26.000Z,78229,49247,63,3,Charith Asalanka 18* (29b 2x4),Ravindra Jadeja 2.2-0-7-0
1,43641391,17,16.03,16.3,3,1,1,False,False,False,,,0,0,0,43,235,6,2023-09-12T15:30:56.000Z,70890,49247,64,3,Sadeera Samarawickrama 17* (29b 1x4),Ravindra Jadeja 2.3-0-8-0
1,43641395,17,16.04,16.4,4,0,0,False,False,False,,,0,0,0,157,186,6,2023-09-12T15:31:18.000Z,78229,49247,64,3,Charith Asalanka 18* (30b 2x4),Ravindra Jadeja 2.4-0-8-0
1,43641400,17,16.05,16.5,5,2,2,False,False,False,,,0,0,0,48,133,7,2023-09-12T15:32:11.000Z,78229,49247,66,3,Charith Asalanka 20* (31b 2x4),Ravindra Jadeja 2.5-0-10-0
1,43641406,17,16.06,16.6,6,1,1,False,False,False,,,0,0,0,60,106,7,2023-09-12T15:32:20.000Z,78229,49247,67,3,Charith Asalanka 21* (32b 2x4),Ravindra Jadeja 3-0-11-0
1,43641425,18,17.01,17.1,1,1,1,False,False,False,,,0,0,0,223,116,1,2023-09-12T15:34:07.000Z,78229,67609,68,3,Charith Asalanka 22* (33b 2x4),Kuldeep Yadav 3.1-0-13-0
1,43641428,18,17.02,17.2,2,0,0,False,False,False,,,0,0,0,0,0,0,2023-09-12T15:34:36.000Z,70890,67609,68,3,Sadeera Samarawickrama 17* (30b 1x4),Kuldeep Yadav 3.2-0-13-0
1,43641434,18,17.03,17.3,3,0,0,False,False,True,70890,5,0,0,0,0,0,0,2023-09-12T15:35:18.000Z,70890,67609,68,4,Sadeera Samarawickrama 17 (31b 1x4),Kuldeep Yadav 3.3-0-13-1
1,43641453,18,17.04,17.4,4,0,0,False,False,False,,,0,0,0,232,195,3,2023-09-12T15:37:19.000Z,62760,67609,68,4,Dhananjaya de Silva 0* (1b),Kuldeep Yadav 3.4-0-13-1
1,43641457,18,17.05,17.5,5,0,0,False,False,False,,,0,0,0,193,143,1,2023-09-12T15:37:41.000Z,62760,67609,68,4,Dhananjaya de Silva 0* (2b),Kuldeep Yadav 3.5-0-13-1
1,43641460,18,17.06,17.6,6,1,1,False,False,False,,,0,0,0,292,134,2,2023-09-12T15:38:09.000Z,62760,67609,69,4,Dhananjaya de Silva 1* (3b),Kuldeep Yadav 4-0-14-1
1,43641473,19,18.01,18.1,1,0,0,False,False,False,,,0,0,0,0,0,0,2023-09-12T15:39:28.000Z,62760,49247,69,4,Dhananjaya de Silva 1* (4b),Ravindra Jadeja 3.1-0-11-0
1,43641479,19,18.02,18.2,2,0,0,False,False,False,,,0,0,0,0,0,0,2023-09-12T15:39:44.000Z,62760,49247,69,4,Dhananjaya de Silva 1* (5b),Ravindra Jadeja 3.2-0-11-0
1,43641481,19,18.03,18.3,3,0,0,False,False,False,,,0,0,0,169,133,8,2023-09-12T15:40:04.000Z,62760,49247,69,4,Dhananjaya de Silva 1* (6b),Ravindra Jadeja 3.3-0-11-0
1,43641486,19,18.04,18.4,4,4,4,True,False,False,,,0,0,0,339,285,3,2023-09-12T15:40:25.000Z,62760,49247,73,4,Dhananjaya de Silva 5* (7b 1x4),Ravindra Jadeja 3.4-0-15-0
1,43641489,19,18.05,18.5,5,0,0,False,False,False,,,0,0,0,145,175,6,2023-09-12T15:40:58.000Z,62760,49247,73,4,Dhananjaya de Silva 5* (8b 1x4),Ravindra Jadeja 3.5-0-15-0
1,43641493,19,18.06,18.6,6,0,0,False,False,False,,,0,0,0,161,131,8,2023-09-12T15:41:20.000Z,62760,49247,73,4,Dhananjaya de Silva 5* (9b 1x4),Ravindra Jadeja 4-0-15-0
1,43641503,20,19.01,19.1,1,0,0,False,False,False,,,0,0,0,224,183,3,2023-09-12T15:42:20.000Z,78229,67609,73,4,Charith Asalanka 22* (34b 2x4),Kuldeep Yadav 4.1-0-14-1
1,43641510,20,19.02,19.2,2,0,0,False,False,True,78229,1,0,0,0,168,146,8,2023-09-12T15:43:48.000Z,78229,67609,73,5,Charith Asalanka 22 (35b 2x4),Kuldeep Yadav 4.2-0-14-2
1,43641526,20,19.03,19.3,3,4,4,True,False,False,,,0,0,0,43,298,6,2023-09-12T15:44:47.000Z,61690,67609,77,5,Dasun Shanaka 4* (1b 1x4),Kuldeep Yadav 4.3-0-18-2
1,43641534,20,19.04,19.4,4,0,0,False,False,False,,,0,0,0,185,175,4,2023-09-12T15:45:35.000Z,61690,67609,77,5,Dasun Shanaka 4* (2b 1x4),Kuldeep Yadav 4.4-0-18-2
1,43641539,20,19.05,19.5,5,1,1,False,False,False,,,0,0,0,291,268,3,2023-09-12T15:46:03.000Z,61690,67609,78,5,Dasun Shanaka 5* (3b 1x4),Kuldeep Yadav 4.5-0-19-2
1,43641543,20,19.06,19.6,6,1,1,False,False,False,,,0,0,0,264,79,1,2023-09-12T15:46:33.000Z,62760,67609,79,5,Dhananjaya de Silva 6* (10b 1x4),Kuldeep Yadav 5-0-20-2
1,43641553,21,20.01,20.1,1,0,0,False,False,False,,,0,0,0,155,188,6,2023-09-12T15:47:46.000Z,62760,67455,79,5,Dhananjaya de Silva 6* (11b 1x4),Axar Patel 0.1-0-0-0
1,43641555,21,20.02,20.2,2,0,0,False,False,False,,,0,0,0,154,173,6,2023-09-12T15:48:02.000Z,62760,67455,79,5,Dhananjaya de Silva 6* (12b 1x4),Axar Patel 0.2-0-0-0
1,43641558,21,20.03,20.3,3,1,1,False,False,False,,,0,0,0,53,246,6,2023-09-12T15:48:29.000Z,62760,67455,80,5,Dhananjaya de Silva 7* (13b 1x4),Axar Patel 0.3-0-1-0
1,43641568,21,20.04,20.4,4,0,0,False,False,False,,,0,0,0,134,194,6,2023-09-12T15:49:16.000Z,61690,67455,80,5,Dasun Shanaka 5* (4b 1x4),Axar Patel 0.4-0-1-0
1,43641570,21,20.05,20.5,5,0,0,False,False,False,,,0,0,0,185,182,4,2023-09-12T15:49:31.000Z,61690,67455,80,5,Dasun Shanaka 5* (5b 1x4),Axar Patel 0.5-0-1-0
1,43641573,21,20.06,20.6,6,0,0,False,False,False,,,0,0,0,162,174,6,2023-09-12T15:49:47.000Z,61690,67455,80,5,Dasun Shanaka 5* (6b 1x4),Axar Patel 1-0-1-0
1,43641582,22,21.01,21.1,1,0,0,False,False,False,,,0,0,0,0,0,0,2023-09-12T15:50:52.000Z,62760,67609,80,5,Dhananjaya de Silva 7* (14b 1x4),Kuldeep Yadav 5.1-0-20-2
1,43641586,22,21.02,21.2,2,0,0,False,False,False,,,0,0,0,184,182,4,2023-09-12T15:51:27.000Z,62760,67609,80,5,Dhananjaya de Silva 7* (15b 1x4),Kuldeep Yadav 5.2-0-20-2
1,43641589,22,21.03,21.3,3,0,0,False,False,False,,,0,0,0,0,0,0,2023-09-12T15:51:59.000Z,62760,67609,80,5,Dhananjaya de Silva 7* (16b 1x4),Kuldeep Yadav 5.3-0-20-2
1,43641593,22,21.04,21.4,4,2,2,False,False,False,,,0,0,0,221,31,1,2023-09-12T15:52:25.000Z,62760,67609,82,5,Dhananjaya de Silva 9* (17b 1x4),Kuldeep Yadav 5.4-0-22-2
1,43641599,22,21.05,21.5,5,2,2,False,False,False,,,0,0,0,303,105,2,2023-09-12T15:53:02.000Z,62760,67609,84,5,Dhananjaya de Silva 11* (18b 1x4),Kuldeep Yadav 5.5-0-24-2
1,43641605,22,21.06,21.6,6,0,0,False,False,False,,,0,0,0,157,178,6,2023-09-12T15:53:41.000Z,62760,67609,84,5,Dhananjaya de Silva 11* (19b 1x4),Kuldeep Yadav 6-0-24-2
1,43641613,23,22.01,22.1,1,1,1,False,False,False,,,0,0,0,39,221,6,2023-09-12T15:54:38.000Z,61690,67455,85,5,Dasun Shanaka 6* (7b 1x4),Axar Patel 1.1-0-2-0
1,43641619,23,22.02,22.2,2,0,0,False,False,False,,,0,0,0,155,173,6,2023-09-12T15:55:20.000Z,62760,67455,85,5,Dhananjaya de Silva 11* (20b 1x4),Axar Patel 1.2-0-2-0
1,43641622,23,22.03,22.3,3,0,0,False,False,False,,,0,0,0,166,135,8,2023-09-12T15:55:39.000Z,62760,67455,85,5,Dhananjaya de Silva 11* (21b 1x4),Axar Patel 1.3-0-2-0
1,43641625,23,22.04,22.4,4,4,4,True,False,False,,,0,0,0,123,8,8,2023-09-12T15:56:07.000Z,62760,67455,89,5,Dhananjaya de Silva 15* (22b 2x4),Axar Patel 1.4-0-6-0
1,43641630,23,22.05,22.5,5,0,0,False,False,False,,,0,0,0,133,133,7,2023-09-12T15:56:43.000Z,62760,67455,89,5,Dhananjaya de Silva 15* (23b 2x4),Axar Patel 1.5-0-6-0
1,43641635,23,22.06,22.6,6,4,4,True,False,False,,,0,0,0,345,289,3,2023-09-12T15:57:12.000Z,62760,67455,93,5,Dhananjaya de Silva 19* (24b 3x4),Axar Patel 2-0-10-0
1,43641645,24,23.01,23.1,1,0,0,False,False,False,,,0,0,0,0,0,0,2023-09-12T15:58:06.000Z,61690,67609,93,5,Dasun Shanaka 6* (8b 1x4),Kuldeep Yadav 6.1-0-24-2
1,43641650,24,23.02,23.2,2,0,0,False,False,False,,,0,0,0,168,144,8,2023-09-12T15:58:34.000Z,61690,67609,93,5,Dasun Shanaka 6* (9b 1x4),Kuldeep Yadav 6.2-0-24-2
1,43641653,24,23.03,23.3,3,1,1,False,False,False,,,0,0,0,269,307,4,2023-09-12T15:58:53.000Z,61690,67609,94,5,Dasun Shanaka 7* (10b 1x4),Kuldeep Yadav 6.3-0-25-2
1,43641658,24,23.04,23.4,4,0,0,False,False,False,,,0,0,0,209,177,3,2023-09-12T15:59:25.000Z,62760,67609,94,5,Dhananjaya de Silva 19* (25b 3x4),Kuldeep Yadav 6.4-0-25-2
1,43641662,24,23.05,23.5,5,0,0,False,False,False,,,0,0,0,242,178,3,2023-09-12T15:59:45.000Z,62760,67609,94,5,Dhananjaya de Silva 19* (26b 3x4),Kuldeep Yadav 6.5-0-25-2
1,43641665,24,23.06,23.6,6,1,0,False,False,False,,,0,1,0,0,0,0,2023-09-12T16:00:08.000Z,62760,67609,95,5,Dhananjaya de Silva 19* (27b 3x4),Kuldeep Yadav 7-0-25-2
1,43641674,25,24.01,24.1,1,0,0,False,False,False,,,0,0,0,157,179,6,2023-09-12T16:01:06.000Z,62760,67455,95,5,Dhananjaya de Silva 19* (28b 3x4),Axar Patel 2.1-0-10-0
1,43641676,25,24.02,24.2,2,1,1,False,False,False,,,0,0,0,95,134,7,2023-09-12T16:01:26.000Z,62760,67455,96,5,Dhananjaya de Silva 20* (29b 3x4),Axar Patel 2.2-0-11-0
1,43641680,25,24.03,24.3,3,1,1,False,False,False,,,0,0,0,68,211,6,2023-09-12T16:01:48.000Z,61690,67455,97,5,Dasun Shanaka 8* (11b 1x4),Axar Patel 2.3-0-12-0
1,43641685,25,24.04,24.4,4,1,1,False,False,False,,,0,0,0,76,226,6,2023-09-12T16:02:11.000Z,62760,67455,98,5,Dhananjaya de Silva 21* (30b 3x4),Axar Patel 2.4-0-13-0
1,43641688,25,24.05,24.5,5,1,1,False,False,False,,,0,0,0,270,290,4,2023-09-12T16:02:34.000Z,61690,67455,99,5,Dasun Shanaka 9* (12b 1x4),Axar Patel 2.5-0-14-0
1,43641691,25,24.06,24.6,6,0,0,False,False,False,,,0,0,0,0,0,0,2023-09-12T16:03:00.000Z,62760,67455,99,5,Dhananjaya de Silva 21* (31b 3x4),Axar Patel 3-0-14-0
1,43641703,26,25.01,25.1,1,0,0,False,False,True,61690,1,0,0,0,169,137,8,2023-09-12T16:04:29.000Z,61690,49247,99,6,Dasun Shanaka 9 (13b 1x4),Ravindra Jadeja 4.1-0-15-1
1,43641720,26,25.02,25.2,2,1,1,False,False,False,,,0,0,0,113,60,8,2023-09-12T16:06:18.000Z,102835,49247,100,6,Dunith Wellalage 1* (1b),Ravindra Jadeja 4.2-0-16-1
1,43641726,26,25.03,25.3,3,0,0,False,False,False,,,0,0,0,200,191,4,2023-09-12T16:06:56.000Z,62760,49247,100,6,Dhananjaya de Silva 21* (32b 3x4),Ravindra Jadeja 4.3-0-16-1
1,43641731,26,25.04,25.4,4,1,1,False,False,False,,,0,0,0,72,101,7,2023-09-12T16:07:14.000Z,62760,49247,101,6,Dhananjaya de Silva 22* (33b 3x4),Ravindra Jadeja 4.4-0-17-1
1,43641735,26,25.05,25.5,5,0,0,False,False,False,,,0,0,0,148,136,7,2023-09-12T16:07:44.000Z,102835,49247,101,6,Dunith Wellalage 1* (2b),Ravindra Jadeja 4.5-0-17-1
1,43641737,26,25.06,25.6,6,1,0,False,False,False,,,0,0,0,157,181,6,2023-09-12T16:07:59.000Z,102835,49247,102,6,Dunith Wellalage 1* (3b),Ravindra Jadeja 4.5-0-18-1
1,43641745,26,25.07,25.6,7,2,0,False,False,False,,,0,2,0,0,0,0,2023-09-12T16:08:59.000Z,102835,49247,104,6,Dunith Wellalage 1* (4b),Ravindra Jadeja 5-0-18-1
1,43641754,27,26.01,26.1,1,0,0,False,False,False,,,0,0,0,115,154,7,2023-09-12T16:09:56.000Z,62760,67455,104,6,Dhananjaya de Silva 22* (34b 3x4),Axar Patel 3.1-0-14-0
1,43641757,27,26.02,26.2,2,1,1,False,False,False,,,0,0,0,323,224,3,2023-09-12T16:10:15.000Z,62760,67455,105,6,Dhananjaya de Silva 23* (35b 3x4),Axar Patel 3.2-0-15-0
1,43641764,27,26.03,26.3,3,1,1,False,False,False,,,0,0,0,127,70,8,2023-09-12T16:10:54.000Z,102835,67455,106,6,Dunith Wellalage 2* (5b),Axar Patel 3.3-0-16-0
1,43641768,27,26.04,26.4,4,1,1,False,False,False,,,0,0,0,71,233,6,2023-09-12T16:11:34.000Z,62760,67455,107,6,Dhananjaya de Silva 24* (36b 3x4),Axar Patel 3.4-0-17-0
1,43641773,27,26.05,26.5,5,0,0,False,False,False,,,0,0,0,0,0,0,2023-09-12T16:12:02.000Z,102835,67455,107,6,Dunith Wellalage 2* (6b),Axar Patel 3.5-0-17-0
1,43641775,27,26.06,26.6,6,1,1,False,False,False,,,0,0,0,139,60,8,2023-09-12T16:12:20.000Z,102835,67455,108,6,Dunith Wellalage 3* (7b),Axar Patel 4-0-18-0
1,43641782,28,27.01,27.1,1,0,0,False,False,False,,,0,0,0,0,0,0,2023-09-12T16:13:18.000Z,102835,49247,108,6,Dunith Wellalage 3* (8b),Ravindra Jadeja 5.1-0-18-1
1,43641788,28,27.02,27.2,2,2,2,False,False,False,,,0,0,0,219,24,1,2023-09-12T16:14:03.000Z,102835,49247,110,6,Dunith Wellalage 5* (9b),Ravindra Jadeja 5.2-0-20-1
1,43641789,28,27.03,27.3,3,1,1,False,False,False,,,0,0,0,230,141,2,2023-09-12T16:14:20.000Z,102835,49247,111,6,Dunith Wellalage 6* (10b),Ravindra Jadeja 5.3-0-21-1
1,43641797,28,27.04,27.4,4,0,0,False,False,False,,,0,0,0,230,186,3,2023-09-12T16:15:07.000Z,62760,49247,111,6,Dhananjaya de Silva 24* (37b 3x4),Ravindra Jadeja 5.4-0-21-1
1,43641799,28,27.05,27.5,5,0,0,False,False,False,,,0,0,0,0,0,0,2023-09-12T16:15:20.000Z,62760,49247,111,6,Dhananjaya de Silva 24* (38b 3x4),Ravindra Jadeja 5.5-0-21-1
1,43641800,28,27.06,27.6,6,0,0,False,False,False,,,0,0,0,161,191,5,2023-09-12T16:15:37.000Z,62760,49247,111,6,Dhananjaya de Silva 24* (39b 3x4),Ravindra Jadeja 6-0-21-1
1,43641813,29,28.01,28.1,1,5,0,False,False,False,,,0,0,5,0,0,0,2023-09-12T16:16:43.000Z,102835,67455,116,6,Dunith Wellalage 6* (10b),Axar Patel 4-0-23-0
1,43641822,29,28.02,28.1,2,0,0,False,False,False,,,0,0,0,241,195,3,2023-09-12T16:17:22.000Z,102835,67455,116,6,Dunith Wellalage 6* (11b),Axar Patel 4.1-0-23-0
1,43641823,29,28.03,28.2,3,0,0,False,False,False,,,0,0,0,186,195,4,2023-09-12T16:17:33.000Z,102835,67455,116,6,Dunith Wellalage 6* (12b),Axar Patel 4.2-0-23-0
1,43641827,29,28.04,28.3,4,1,1,False,False,False,,,0,0,0,64,135,7,2023-09-12T16:17:49.000Z,102835,67455,117,6,Dunith Wellalage 7* (13b),Axar Patel 4.3-0-24-0
1,43641832,29,28.05,28.4,5,4,4,True,False,False,,,0,0,0,272,342,4,2023-09-12T16:18:32.000Z,62760,67455,121,6,Dhananjaya de Silva 28* (40b 4x4),Axar Patel 4.4-0-28-0
1,43641836,29,28.06,28.5,6,0,0,False,False,False,,,0,0,0,167,197,5,2023-09-12T16:18:56.000Z,62760,67455,121,6,Dhananjaya de Silva 28* (41b 4x4),Axar Patel 4.5-0-28-0
1,43641839,29,28.07,28.6,7,1,1,False,False,False,,,0,0,0,47,126,7,2023-09-12T16:19:15.000Z,62760,67455,122,6,Dhananjaya de Silva 29* (42b 4x4),Axar Patel 5-0-29-0
1,43641849,30,29.01,29.1,1,0,0,False,False,False,,,0,0,0,171,191,5,2023-09-12T16:20:27.000Z,62760,49247,122,6,Dhananjaya de Silva 29* (43b 4x4),Ravindra Jadeja 6.1-0-21-1
1,43641852,30,29.02,29.2,2,1,1,False,False,False,,,0,0,0,63,109,7,2023-09-12T16:20:45.000Z,62760,49247,123,6,Dhananjaya de Silva 30* (44b 4x4),Ravindra Jadeja 6.2-0-22-1
1,43641857,30,29.03,29.3,3,1,1,False,False,False,,,0,0,0,277,294,4,2023-09-12T16:21:19.000Z,102835,49247,124,6,Dunith Wellalage 8* (14b),Ravindra Jadeja 6.3-0-23-1
1,43641861,30,29.04,29.4,4,0,0,False,False,False,,,0,0,0,197,186,4,2023-09-12T16:21:41.000Z,62760,49247,124,6,Dhananjaya de Silva 30* (45b 4x4),Ravindra Jadeja 6.4-0-23-1
1,43641866,30,29.05,29.5,5,0,0,False,False,False,,,0,0,0,166,198,5,2023-09-12T16:21:59.000Z,62760,49247,124,6,Dhananjaya de Silva 30* (46b 4x4),Ravindra Jadeja 6.5-0-23-1
1,43641871,30,29.06,29.6,6,1,1,False,False,False,,,0,0,0,291,240,3,2023-09-12T16:22:17.000Z,62760,49247,125,6,Dhananjaya de Silva 31* (47b 4x4),Ravindra Jadeja 7-0-24-1
1,43641880,31,30.01,30.1,1,1,1,False,False,False,,,0,0,0,315,184,3,2023-09-12T16:23:45.000Z,62760,67609,126,6,Dhananjaya de Silva 32* (48b 4x4),Kuldeep Yadav 7.1-0-26-2
1,43641885,31,30.02,30.2,2,4,4,True,False,False,,,0,0,0,161,358,5,2023-09-12T16:24:36.000Z,102835,67609,130,6,Dunith Wellalage 12* (15b 1x4),Kuldeep Yadav 7.2-0-30-2
1,43641894,31,30.03,30.3,3,2,2,False,False,False,,,0,0,0,323,112,2,2023-09-12T16:25:09.000Z,102835,67609,132,6,Dunith Wellalage 14* (16b 1x4),Kuldeep Yadav 7.3-0-32-2
1,43641901,31,30.04,30.4,4,0,0,False,False,False,,,0,0,0,222,156,2,2023-09-12T16:25:55.000Z,102835,67609,132,6,Dunith Wellalage 14* (17b 1x4),Kuldeep Yadav 7.4-0-32-2
1,43641907,31,30.05,30.5,5,0,0,False,False,False,,,0,0,0,0,0,0,2023-09-12T16:26:23.000Z,102835,67609,132,6,Dunith Wellalage 14* (18b 1x4),Kuldeep Yadav 7.5-0-32-2
1,43641910,31,30.06,30.6,6,1,1,False,False,False,,,0,0,0,175,323,5,2023-09-12T16:27:00.000Z,102835,67609,133,6,Dunith Wellalage 15* (19b 1x4),Kuldeep Yadav 8-0-33-2
1,43641949,32,31.01,31.1,1,0,0,False,False,False,,,0,0,0,230,152,2,2023-09-12T16:31:04.000Z,102835,70640,133,6,Dunith Wellalage 15* (20b 1x4),Jasprit Bumrah 5.1-1-21-2
1,43641957,32,31.02,31.2,2,0,0,False,False,False,,,0,0,0,0,0,0,2023-09-12T16:31:40.000Z,102835,70640,133,6,Dunith Wellalage 15* (21b 1x4),Jasprit Bumrah 5.2-1-21-2
1,43641962,32,31.03,31.3,3,1,1,False,False,False,,,0,0,0,145,50,8,2023-09-12T16:32:15.000Z,102835,70640,134,6,Dunith Wellalage 16* (22b 1x4),Jasprit Bumrah 5.3-1-22-2
1,43641972,32,31.04,31.4,4,0,0,False,False,False,,,0,0,0,142,156,7,2023-09-12T16:33:06.000Z,62760,70640,134,6,Dhananjaya de Silva 32* (49b 4x4),Jasprit Bumrah 5.4-1-22-2
1,43641978,32,31.05,31.5,5,0,0,False,False,False,,,0,0,0,174,147,8,2023-09-12T16:33:42.000Z,62760,70640,134,6,Dhananjaya de Silva 32* (50b 4x4),Jasprit Bumrah 5.5-1-22-2
1,43641985,32,31.06,31.6,6,4,4,True,False,False,,,0,0,0,40,44,7,2023-09-12T16:34:19.000Z,62760,70640,138,6,Dhananjaya de Silva 36* (51b 5x4),Jasprit Bumrah 6-1-26-2
1,43641999,33,32.01,32.1,1,0,0,False,False,False,,,0,0,0,0,0,0,2023-09-12T16:35:44.000Z,102835,67609,138,6,Dunith Wellalage 16* (23b 1x4),Kuldeep Yadav 8.1-0-33-2
1,43642003,33,32.02,32.2,2,2,2,False,False,False,,,0,0,0,332,185,3,2023-09-12T16:36:09.000Z,102835,67609,140,6,Dunith Wellalage 18* (24b 1x4),Kuldeep Yadav 8.2-0-35-2
1,43642008,33,32.03,32.3,3,0,0,False,False,False,,,0,0,0,197,116,1,2023-09-12T16:36:38.000Z,102835,67609,140,6,Dunith Wellalage 18* (25b 1x4),Kuldeep Yadav 8.3-0-35-2
1,43642015,33,32.04,32.4,4,6,6,False,True,False,,,0,0,0,5,213,6,2023-09-12T16:37:11.000Z,102835,67609,146,6,Dunith Wellalage 24* (26b 1x4 1x6),Kuldeep Yadav 8.4-0-41-2
1,43642026,33,32.05,32.5,5,0,0,False,False,False,,,0,0,0,196,135,1,2023-09-12T16:38:06.000Z,102835,67609,146,6,Dunith Wellalage 24* (27b 1x4 1x6),Kuldeep Yadav 8.5-0-41-2
1,43642028,33,32.06,32.6,6,2,2,False,False,False,,,0,0,0,52,245,6,2023-09-12T16:38:42.000Z,102835,67609,148,6,Dunith Wellalage 26* (28b 1x4 1x6),Kuldeep Yadav 9-0-43-2
1,43642040,34,33.01,33.1,1,0,0,False,False,False,,,0,0,0,185,186,4,2023-09-12T16:39:56.000Z,62760,70640,148,6,Dhananjaya de Silva 36* (52b 5x4),Jasprit Bumrah 6.1-1-26-2
1,43642047,34,33.02,33.2,2,0,0,False,False,False,,,0,0,0,150,174,6,2023-09-12T16:40:40.000Z,62760,70640,148,6,Dhananjaya de Silva 36* (53b 5x4),Jasprit Bumrah 6.2-1-26-2
1,43642053,34,33.03,33.3,3,0,0,False,False,False,,,0,0,0,141,159,7,2023-09-12T16:41:08.000Z,62760,70640,148,6,Dhananjaya de Silva 36* (54b 5x4),Jasprit Bumrah 6.3-1-26-2
1,43642059,34,33.04,33.4,4,2,2,False,False,False,,,0,0,0,311,223,3,2023-09-12T16:41:52.000Z,62760,70640,150,6,Dhananjaya de Silva 38* (55b 5x4),Jasprit Bumrah 6.4-1-28-2
1,43642066,34,33.05,33.5,5,1,1,False,False,False,,,0,0,0,160,48,8,2023-09-12T16:42:32.000Z,62760,70640,151,6,Dhananjaya de Silva 39* (56b 5x4),Jasprit Bumrah 6.5-1-29-2
1,43642074,34,33.06,33.6,6,1,1,False,False,False,,,0,0,0,327,193,3,2023-09-12T16:43:08.000Z,102835,70640,152,6,Dunith Wellalage 27* (29b 1x4 1x6),Jasprit Bumrah 7-1-30-2
1,43642090,35,34.01,34.1,1,1,1,False,False,False,,,0,0,0,198,41,1,2023-09-12T16:45:17.000Z,102835,70633,153,6,Dunith Wellalage 28* (30b 1x4 1x6),Hardik Pandya 1.1-0-4-0
1,43642096,35,34.02,34.2,2,0,0,False,False,False,,,0,0,0,0,0,0,2023-09-12T16:46:05.000Z,62760,70633,153,6,Dhananjaya de Silva 39* (57b 5x4),Hardik Pandya 1.2-0-4-0
1,43642102,35,34.03,34.3,3,1,1,False,False,False,,,0,0,0,165,45,8,2023-09-12T16:46:34.000Z,62760,70633,154,6,Dhananjaya de Silva 40* (58b 5x4),Hardik Pandya 1.3-0-5-0
1,43642108,35,34.04,34.4,4,0,0,False,False,False,,,0,0,0,0,0,0,2023-09-12T16:47:36.000Z,102835,70633,154,6,Dunith Wellalage 28* (31b 1x4 1x6),Hardik Pandya 1.4-0-5-0
1,43642111,35,34.05,34.5,5,0,0,False,False,False,,,0,0,0,0,0,0,2023-09-12T16:48:14.000Z,102835,70633,154,6,Dunith Wellalage 28* (32b 1x4 1x6),Hardik Pandya 1.5-0-5-0
1,43642118,35,34.06,34.6,6,0,0,False,False,False,,,0,0,0,0,0,0,2023-09-12T16:49:10.000Z,102835,70633,154,6,Dunith Wellalage 28* (33b 1x4 1x6),Hardik Pandya 2-0-5-0
1,43642124,36,35.01,35.1,1,0,0,False,False,False,,,0,0,0,130,156,7,2023-09-12T16:50:25.000Z,62760,49247,154,6,Dhananjaya de Silva 40* (59b 5x4),Ravindra Jadeja 7.1-0-24-1
1,43642126,36,35.02,35.2,2,0,0,False,False,False,,,0,0,0,0,0,0,2023-09-12T16:50:43.000Z,62760,49247,154,6,Dhananjaya de Silva 40* (60b 5x4),Ravindra Jadeja 7.2-0-24-1
1,43642128,36,35.03,35.3,3,1,1,False,False,False,,,0,0,0,137,176,6,2023-09-12T16:51:08.000Z,62760,49247,155,6,Dhananjaya de Silva 41* (61b 5x4),Ravindra Jadeja 7.3-0-25-1
1,43642135,36,35.04,35.4,4,0,0,False,False,False,,,0,0,0,131,153,7,2023-09-12T16:51:55.000Z,102835,49247,155,6,Dunith Wellalage 28* (34b 1x4 1x6),Ravindra Jadeja 7.4-0-25-1
1,43642139,36,35.05,35.5,5,1,1,False,False,False,,,0,0,0,81,109,7,2023-09-12T16:52:12.000Z,102835,49247,156,6,Dunith Wellalage 29* (35b 1x4 1x6),Ravindra Jadeja 7.5-0-26-1
1,43642140,36,35.06,35.6,6,0,0,False,False,False,,,0,0,0,134,184,6,2023-09-12T16:52:33.000Z,62760,49247,156,6,Dhananjaya de Silva 41* (62b 5x4),Ravindra Jadeja 8-0-26-1
1,43642147,37,36.01,36.1,1,0,0,False,False,False,,,0,0,0,0,0,0,2023-09-12T16:53:48.000Z,102835,70633,156,6,Dunith Wellalage 29* (36b 1x4 1x6),Hardik Pandya 2.1-0-5-0
1,43642149,37,36.02,36.2,2,0,0,False,False,False,,,0,0,0,232,175,3,2023-09-12T16:54:22.000Z,102835,70633,156,6,Dunith Wellalage 29* (37b 1x4 1x6),Hardik Pandya 2.2-0-5-0
1,43642153,37,36.03,36.3,3,1,1,False,False,False,,,0,0,0,289,177,3,2023-09-12T16:55:14.000Z,102835,70633,157,6,Dunith Wellalage 30* (38b 1x4 1x6),Hardik Pandya 2.3-0-6-0
1,43642159,37,36.04,36.4,4,0,0,False,False,False,,,0,0,0,141,182,6,2023-09-12T16:56:29.000Z,62760,70633,157,6,Dhananjaya de Silva 41* (63b 5x4),Hardik Pandya 2.4-0-6-0
1,43642163,37,36.05,36.5,5,0,0,False,False,False,,,0,0,0,166,246,5,2023-09-12T16:57:17.000Z,62760,70633,157,6,Dhananjaya de Silva 41* (64b 5x4),Hardik Pandya 2.5-0-6-0
1,43642166,37,36.06,36.6,6,0,0,False,False,False,,,0,0,0,0,0,0,2023-09-12T16:58:08.000Z,62760,70633,157,6,Dhananjaya de Silva 41* (65b 5x4),Hardik Pandya 3-0-6-0
1,43642172,38,37.01,37.1,1,4,4,True,False,False,,,0,0,0,197,359,4,2023-09-12T16:59:40.000Z,102835,49247,161,6,Dunith Wellalage 34* (39b 2x4 1x6),Ravindra Jadeja 8.1-0-30-1
1,43642173,38,37.02,37.2,2,1,1,False,False,False,,,0,0,0,232,182,3,2023-09-12T17:00:09.000Z,102835,49247,162,6,Dunith Wellalage 35* (40b 2x4 1x6),Ravindra Jadeja 8.2-0-31-1
1,43642178,38,37.03,37.3,3,0,0,False,False,True,62760,1,0,0,0,204,254,4,2023-09-12T17:01:14.000Z,62760,49247,162,7,Dhananjaya de Silva 41 (66b 5x4),Ravindra Jadeja 8.3-0-31-2
1,43642184,38,37.04,37.4,4,0,0,False,False,False,,,0,0,0,0,0,0,2023-09-12T17:02:47.000Z,101991,49247,162,7,Maheesh Theekshana 0* (1b),Ravindra Jadeja 8.4-0-31-2
1,43642186,38,37.05,37.5,5,0,0,False,False,False,,,0,0,0,0,0,0,2023-09-12T17:03:02.000Z,101991,49247,162,7,Maheesh Theekshana 0* (2b),Ravindra Jadeja 8.5-0-31-2
1,43642188,38,37.06,37.6,6,0,0,False,False,False,,,0,0,0,0,0,0,2023-09-12T17:03:23.000Z,101991,49247,162,7,Maheesh Theekshana 0* (3b),Ravindra Jadeja 9-0-31-2
1,43642189,39,38.01,38.1,1,4,4,True,False,False,,,0,0,0,209,5,1,2023-09-12T17:05:31.000Z,102835,70633,166,7,Dunith Wellalage 39* (41b 3x4 1x6),Hardik Pandya 3.1-0-10-0
1,43642191,39,38.02,38.2,2,1,1,False,False,False,,,0,0,0,210,32,1,2023-09-12T17:05:52.000Z,102835,70633,167,7,Dunith Wellalage 40* (42b 3x4 1x6),Hardik Pandya 3.2-0-11-0
1,43642194,39,38.03,38.3,3,0,0,False,False,False,,,0,0,0,211,194,3,2023-09-12T17:06:52.000Z,101991,70633,167,7,Maheesh Theekshana 0* (4b),Hardik Pandya 3.3-0-11-0
1,43642196,39,38.04,38.4,4,0,0,False,False,False,,,0,0,0,133,175,6,2023-09-12T17:07:47.000Z,101991,70633,167,7,Maheesh Theekshana 0* (5b),Hardik Pandya 3.4-0-11-0
1,43642199,39,38.05,38.5,5,0,0,False,False,False,,,0,0,0,0,0,0,2023-09-12T17:08:19.000Z,101991,70633,167,7,Maheesh Theekshana 0* (6b),Hardik Pandya 3.5-0-11-0
1,43642200,39,38.06,38.6,6,1,1,False,False,False,,,0,0,0,145,177,6,2023-09-12T17:09:18.000Z,101991,70633,168,7,Maheesh Theekshana 1* (7b),Hardik Pandya 4-0-12-0
1,43642203,40,39.01,39.1,1,1,1,False,False,False,,,0,0,0,209,213,4,2023-09-12T17:10:52.000Z,101991,49247,169,7,Maheesh Theekshana 2* (8b),Ravindra Jadeja 9.1-0-32-2
1,43642206,40,39.02,39.2,2,0,0,False,False,False,,,0,0,0,126,156,7,2023-09-12T17:11:10.000Z,102835,49247,169,7,Dunith Wellalage 40* (43b 3x4 1x6),Ravindra Jadeja 9.2-0-32-2
1,43642207,40,39.03,39.3,3,1,1,False,False,False,,,0,0,0,80,133,7,2023-09-12T17:11:25.000Z,102835,49247,170,7,Dunith Wellalage 41* (44b 3x4 1x6),Ravindra Jadeja 9.3-0-33-2
1,43642209,40,39.04,39.4,4,0,0,False,False,False,,,0,0,0,181,189,4,2023-09-12T17:11:53.000Z,101991,49247,170,7,Maheesh Theekshana 2* (9b),Ravindra Jadeja 9.4-0-33-2
1,43642211,40,39.05,39.5,5,0,0,False,False,False,,,0,0,0,151,179,6,2023-09-12T17:12:25.000Z,101991,49247,170,7,Maheesh Theekshana 2* (10b),Ravindra Jadeja 9.5-0-33-2
1,43642212,40,39.06,39.6,6,0,0,False,False,False,,,0,0,0,139,151,7,2023-09-12T17:12:38.000Z,101991,49247,170,7,Maheesh Theekshana 2* (11b),Ravindra Jadeja 10-0-33-2
1,43642216,41,40.01,40.1,1,0,0,False,False,False,,,0,0,0,0,0,0,2023-09-12T17:14:22.000Z,102835,70633,170,7,Dunith Wellalage 41* (45b 3x4 1x6),Hardik Pandya 4.1-0-12-0
1,43642219,41,40.02,40.2,2,1,1,False,False,False,,,0,0,0,326,122,2,2023-09-12T17:15:35.000Z,102835,70633,171,7,Dunith Wellalage 42* (46b 3x4 1x6),Hardik Pandya 4.2-0-13-0
1,43642221,41,40.03,40.3,3,0,0,False,False,False,,,0,0,0,172,178,5,2023-09-12T17:16:28.000Z,101991,70633,171,7,Maheesh Theekshana 2* (12b),Hardik Pandya 4.3-0-13-0
1,43642223,41,40.04,40.4,4,0,0,False,False,False,,,0,0,0,138,181,6,2023-09-12T17:17:19.000Z,101991,70633,171,7,Maheesh Theekshana 2* (13b),Hardik Pandya 4.4-0-13-0
1,43642230,41,40.05,40.5,5,0,0,False,False,True,101991,1,0,0,0,244,234,4,2023-09-12T17:19:30.000Z,101991,70633,171,8,Maheesh Theekshana 2 (14b),Hardik Pandya 4.5-0-13-1
1,43642233,41,40.06,40.6,6,1,1,False,False,False,,,0,0,0,256,203,3,2023-09-12T17:21:33.000Z,64698,70633,172,8,Kasun Rajitha 1* (1b),Hardik Pandya 5-0-14-1
1,43642234,42,41.01,41.1,1,0,0,False,False,True,64698,2,0,0,0,0,0,0,2023-09-12T17:23:46.000Z,64698,67609,172,9,Kasun Rajitha 1 (2b),Kuldeep Yadav 9.1-0-43-3
1,43642238,42,41.02,41.2,2,0,0,False,False,False,,,0,0,0,237,169,3,2023-09-12T17:25:36.000Z,105938,67609,172,9,Matheesha Pathirana 0* (1b),Kuldeep Yadav 9.2-0-43-3
1,43642239,42,41.03,41.3,3,0,0,False,False,True,105938,2,0,0,0,0,0,0,2023-09-12T17:26:02.000Z,105938,67609,172,10,Matheesha Pathirana 0 (2b),Kuldeep Yadav 9.3-0-43-4
